8100001;Kufstein;;;;;
8100002;Salzburg Hbf;;;;;
8100003;Wien Westbahnhof;;;;;
8100004;Wien Hbf (Autoreisezuganlage);;;;;
8100005;Melk;;;;;
8100006;Pöchlarn;;;;;
8100007;Ybbs/Donau;;;;;
8100008;St.Pölten Hbf;;;;;
8100009;St.Valentin;;;;;
8100010;Steyr;;;;;
8100011;Enns;;;;;
8100012;Amstetten NÖ;;;;;
8100013;Linz/Donau Hbf;;;;;
8100014;Wels Hbf;;;;;
8100015;Lambach;;;;;
8100016;Schwanenstadt;;;;;
8100017;Attnang-Puchheim;;;;;
8100018;Frankenmarkt;;;;;
8100019;Straßwalchen;;;;;
8100020;Steindorf b.Straßwalchen;;;;;
8100021;Bad Schallerbach-Wallern;;;;;
8100022;Grieskirchen-Gallspach;;;;;
8100023;Neumarkt-Kallham;;;;;
8100024;Schärding;;;;;
8100025;Baden b.Wien;;;;;
8100026;Gloggnitz;;;;;
8100027;Payerbach-Reichenau;;;;;
8100028;Semmering;;;;;
8100029;Mürzzuschlag;;;;;
8100030;Kindberg;;;;;
8100031;Kapfenberg;;;;;
8100032;Bruck/Mur;;;;;
8100033;Frohnleiten;;;;;
8100034;Peggau-Deutschfeistritz;;;;;
8100035;Leibnitz;;;;;
8100036;Sattendorf;;;;;
8100037;Ossiach-Bodensdorf;;;;;
8100038;Steindorf/Ossiacher See;;;;;
8100039;Feldkirchen in Ktn;;;;;
8100040;Hallein;;;;;
8100041;Golling-Abtenau;;;;;
8100042;Bischofshofen;;;;;
8100043;St.Johann im Pongau;;;;;
8100044;Schwarzach-St.Veit;;;;;
8100045;Lend/Salzach;;;;;
8100046;Taxenbach-Rauris;;;;;
8100047;Bruck-Fusch;;;;;
8100048;Zell am See;;;;;
8100049;Saalfelden;;;;;
8100050;Maishofen-Saalbach;;;;;
8100051;Leogang;;;;;
8100052;Hochfilzen;;;;;
8100053;Fieberbrunn;;;;;
8100054;St.Johann in Tirol;;;;;
8100055;Kitzbühel;;;;;
8100056;Arnoldstein;;;;;
8100057;Kirchberg in Tirol;;;;;
8100058;Westendorf in Tirol;;;;;
8100059;Hopfgarten im Brixental;;;;;
8100060;Telfs-Pfaffenhofen;;;;;
8100061;Ötztal;;;;;
8100062;Imst-Pitztal;;;;;
8100063;Landeck-Zams;;;;;
8100064;St.Anton am Arlberg;;;;;
8100065;Langen am Arlberg;;;;;
8100066;Ludesch;;;;;
8100067;Bludenz;;;;;
8100068;Nenzing;;;;;
8100069;Frastanz;;;;;
8100070;Leoben Hbf;;;;;
8100071;St.Michael in Oberstmk;;;;;
8100072;Knittelfeld;;;;;
8100073;Judenburg;;;;;
8100074;Unzmarkt;;;;;
8100075;Neumarkt in Stmk;;;;;
8100076;Friesach in Ktn;;;;;
8100077;Launsdorf-Hochosterwitz;;;;;
8100078;St.Veit/Glan;;;;;
8100079;Krumpendorf/Wörther See;;;;;
8100080;Pörtschach/Wörther See;;;;;
8100081;Velden/Wörther See;;;;;
8100082;Spielfeld-Straß;;;;;
8100083;Rosenbach b.Villach;;;;;
8100084;Faak am See;;;;;
8100085;Klagenfurt Hbf;;;;;
8100086;Paternion-Feistritz;;;;;
8100087;Mühldorf-Möllbrücke;;;;;
8100088;Scharnitz;;;;;
8100089;Ehrwald Zugspitzbahn;;;;;
8100090;Bregenz;;;;;
8100091;Kolbnitz;;;;;
8100092;Spittal-Millstätter See;;;;;
8100093;Mallnitz-Obervellach;;;;;
8100094;Böckstein;;;;;
8100095;Bad Gastein;;;;;
8100096;Treibach-Althofen;;;;;
8100097;Bad Hofgastein;;;;;
8100098;Dorfgastein;;;;;
8100099;Wörgl Hbf;;;;;
8100100;Kundl;;;;;
8100101;Brixlegg;;;;;
8100102;Jenbach;;;;;
8100103;Schwaz;;;;;
8100104;Fritzens-Wattens;;;;;
8100105;Hall in Tirol;;;;;
8100106;Matrei am Brenner;;;;;
8100107;Steinach am Brenner;;;;;
8100108;Innsbruck Hbf;;;;;
8100109;Innsbruck Westbahnhof;;;;;
8100110;Innsbruck Hötting;;;;;
8100111;Hochzirl;;;;;
8100112;Reith b.Seefeld;;;;;
8100113;Seefeld in Tirol;;;;;
8100114;Bichlbach-Berwang;;;;;
8100115;Reutte in Tirol;;;;;
8100116;Vils in Tirol;;;;;
8100117;Schruns;;;;;
8100118;Tschagguns;;;;;
8100119;Rankweil;;;;;
8100120;Götzis;;;;;
8100121;Hohenems;;;;;
8100122;Dornbirn;;;;;
8100123;Lustenau;;;;;
8100124;Lochau-Hörbranz;;;;;
8100125;Mautern in Stmk;;;;;
8100126;Kalwang;;;;;
8100127;Wald am Schoberpass;;;;;
8100128;Trieben;;;;;
8100129;Gmünd NÖ;;;;;
8100130;Hohenau/March;;;;;
8100131;Liezen;;;;;
8100132;Stainach-Irdning;;;;;
8100133;Öblarn;;;;;
8100134;Neumarkt-Köstendorf;;;;;
8100135;Gröbming;;;;;
8100136;Haus im Ennstal;;;;;
8100137;Schladming;;;;;
8100138;Radstadt;;;;;
8100139;Altenmarkt im Pongau;;;;;
8100140;Eben im Pongau;;;;;
8100141;Lienz in Osttirol;;;;;
8100142;Sillian;;;;;
8100143;Dölsach;;;;;
8100144;Oberdrauburg;;;;;
8100145;Dellach im Drautal;;;;;
8100146;Greifenburg-Weißensee;;;;;
8100147;Villach Hbf;;;;;
8100148;Villach Westbahnhof;;;;;
8100149;Steinfeld im Drautal;;;;;
8100150;Selzthal;;;;;
8100151;Gmunden;;;;;
8100152;Altmünster/Traunsee;;;;;
8100153;Traunkirchen;;;;;
8100154;Gaflenz;;;;;
8100155;Ebensee;;;;;
8100156;Kleinreifling;;;;;
8100157;Bad Ischl;;;;;
8100158;Hieflau;;;;;
8100159;Gstatterboden im Nationalpark;;;;;
8100160;Bad Goisern;;;;;
8100161;Admont;;;;;
8100162;Steeg-Gosau;;;;;
8100163;Obertraun Dachsteinhöhlen;;;;;
8100164;Bad Aussee;;;;;
8100165;Bad Mitterndorf;;;;;
8100166;Tauplitz;;;;;
8100167;Rohr-Bad Hall;;;;;
8100169;Kremsmünster;;;;;
8100170;Kirchdorf/Krems;;;;;
8100171;Klaus/Pyhrnbahn;;;;;
8100172;Hinterstoder;;;;;
8100173;Graz Hbf;;;;;
8100174;Bad Gleichenberg;;;;;
8100175;Feldbach/Raab;;;;;
8100176;Fehring;;;;;
8100177;Fürstenfeld;;;;;
8100178;Bierbaum/Safen;;;;;
8100179;Sebersdorf;;;;;
8100180;Hartberg;;;;;
8100181;St.Johann in der Haide;;;;;
8100182;Grafendorf b.Hartberg;;;;;
8100183;Rohrbach-Vorau;;;;;
8100185;Friedberg in Stmk;;;;;
8100186;Pinggau Markt;;;;;
8100187;Tauchen-Schaueregg;;;;;
8100188;Aspang Markt;;;;;
8100189;Edlitz-Grimmenstein;;;;;
8100190;Seebenstein;;;;;
8100191;Pitten;;;;;
8100192;Bad Erlach;;;;;
8100193;Raaba;;;;;
8100194;Laßnitzhöhe;;;;;
8100195;Gleisdorf;;;;;
8100196;Studenzen-Fladnitz;;;;;
8100197;Feldkirch;;;;;
8100198;Bruck/Leitha;;;;;
8100199;Schwarzenau im Waldviertel;;;;;
8100200;Göpfritz an der Wild;;;;;
8100201;Eggenburg;;;;;
8100202;Absdorf-Hippersdorf;;;;;
8100203;Tulln/Donau;;;;;
8100204;Abfaltersbach/Drau;;;;;
8100205;Achau;;;;;
8100206;Aggsbach-Markt;;;;;
8100208;Aigen-Schlägl;;;;;
8100209;Alkoven;;;;;
8100210;Allentsteig;;;;;
8100211;Andorf;;;;;
8100212;Annaberg NÖ;;;;;
8100213;Annenheim;;;;;
8100214;Anthering;;;;;
8100215;Antiesenhofen;;;;;
8100216;Baumgarten im Bgld;;;;;
8100217;Bürmoos;;;;;
8100219;Donnerskirchen;;;;;
8100220;Draßburg;;;;;
8100221;Drösing;;;;;
8100222;Drosendorf;;;;;
8100224;Dürnstein-Oberloiben;;;;;
8100225;Ebenfurth;;;;;
8100226;Ebreichsdorf;;;;;
8100227;Eferding;;;;;
8100229;Eis-Ruden;;;;;
8100231;Eisenstadt;;;;;
8100232;Emmersdorf/Donau;;;;;
8100234;Erlaufklause;;;;;
8100235;Fischamend;;;;;
8100236;Wien Floridsdorf;;;;;
8100237;Frantschach-St.Gertraud;;;;;
8100238;Frauenkirchen;;;;;
8100239;Freistadt;;;;;
8100241;Friedburg;;;;;
8100242;Fügen-Hart im Zillertal;;;;;
8100243;Fürth-Kaprun;;;;;
8100244;Furth-Göttweig;;;;;
8100245;Gänserndorf;;;;;
8100246;Gaisbach-Wartberg;;;;;
8100247;Gars-Thunau;;;;;
8100248;Garsten;;;;;
8100249;Wien Gersthof;;;;;
8100252;Gösing an der Mariazeller Bahn;;;;;
8100254;Götzendorf/Leitha;;;;;
8100255;Gols;;;;;
8100256;Grafenstein;;;;;
8100257;Greifenstein-Altenberg;;;;;
8100258;Gries am Brenner;;;;;
8100259;Schwechat;;;;;
8100261;Grünau im Almtal;;;;;
8100262;Gstadt b.Waidhofen;;;;;
8100263;Gurten OÖ;;;;;
8100264;Hadersdorf/Kamp;;;;;
8100265;Haiding;;;;;
8100266;Hainburg/Donau Personenbahnhof;;;;;
8100267;Hard-Fußach;;;;;
8100268;Hatzendorf;;;;;
8100269;Wien Heiligenstadt;;;;;
8100270;Hermagor;;;;;
8100271;Wien Hernals;;;;;
8100272;Herzogenburg;;;;;
8100273;Hötzelsdorf-Geras;;;;;
8100274;Hollabrunn;;;;;
8100275;Hollersbach im Pinzgau;;;;;
8100276;Holzleithen am Hausruck;;;;;
8100277;Horn NÖ;;;;;
8100280;Jois;;;;;
8100281;Kaltenbach-Stumm im Zillertal;;;;;
8100282;Kaltenbrunnen im Montafon;;;;;
8100283;Kammer-Schörfling;;;;;
8100284;Katzelsdorf/Leitha;;;;;
8100285;Gleisdorf West;;;;;
8100287;Kirchbach im Gailtal;;;;;
8100288;Kirchberg am Wagram;;;;;
8100289;Kirchberg/Pielach;;;;;
8100290;Kirchbichl in Tirol;;;;;
8100292;Kötschach-Mauthen;;;;;
8100293;Korneuburg;;;;;
8100295;Krems/Donau;;;;;
8100296;Krimml;;;;;
8100297;Wien Krottenbachstraße;;;;;
8100298;Lamprechtshausen;;;;;
8100299;Langenlois;;;;;
8100300;Langkampfen;;;;;
8100301;Laubenbachmühle;;;;;
8100302;Lauterach;;;;;
8100305;Liebenfels;;;;;
8100306;Spital am Pyhrn;;;;;
8100307;Spitz/Donau;;;;;
8100308;Stadl-Paura;;;;;
8100309;Stadt Rottenmann;;;;;
8100310;Stans b.Schwaz;;;;;
8100311;Statzendorf;;;;;
8100313;Strass im Zillertal;;;;;
8100314;Stuhlfelden;;;;;
8100315;Suben;;;;;
8100316;Summerau;;;;;
8100317;Tainach-Stein;;;;;
8100318;Takern-St.Margarethen;;;;;
8100319;Tamsweg;;;;;
8100320;Taufkirchen/Pram;;;;;
8100322;Ternberg;;;;;
8100323;Terfens-Weer;;;;;
8100324;Thal/Drau;;;;;
8100325;Traismauer;;;;;
8100328;Twimberg;;;;;
8100329;Uderns im Zillertal;;;;;
8100331;Untereggendorf;;;;;
8100332;Gattendorf;;;;;
8100333;Uttendorf-Helpfau;;;;;
8100334;Uttendorf-Stubachtal;;;;;
8100335;Vitis;;;;;
8100336;Völkermarkt-Kühnsdorf;;;;;
8100337;Volders-Baumkirchen;;;;;
8100338;Vorchdorf-Eggenberg;;;;;
8100339;Waizenkirchen;;;;;
8100340;Wald im Pinzgau;;;;;
8100341;Wallern im Bgld;;;;;
8100342;Wampersdorf;;;;;
8100343;Weiden am See;;;;;
8100344;Weigelsdorf NÖ;;;;;
8100345;Weißenkirchen/Wachau;;;;;
8100347;Weizelsdorf;;;;;
8100349;Wien Praterstern;;;;;
8100353;Flughafen Wien;;;;;
8100354;Wienerbruck-Josefsberg;;;;;
8100355;Wieselburg/Erlauf;;;;;
8100356;Wiesen-Sigleß;;;;;
8100357;Winden am See;;;;;
8100358;Winterbach NÖ;;;;;
8100359;Wolfsberg in Ktn;;;;;
8100360;Wolfsthal;;;;;
8100361;Wulkaprodersdorf;;;;;
8100363;Zellerndorf;;;;;
8100365;Braunau/Inn;;;;;
8100366;Brixen im Thale;;;;;
8100368;Fürnitz;;;;;
8100369;Gramatneusiedl;;;;;
8100370;Gratwein-Gratkorn;;;;;
8100371;Graz Ostbahnhof-Messe;;;;;
8100372;Guntramsdorf Kaiserau;;;;;
8100373;Kittsee;;;;;
8100374;Wien Kaiserebersdorf;;;;;
8100376;Moosbierbaum-Heiligeneich;;;;;
8100378;Wien Matzleinsdorf (Autoreisezuganlage);;;;;
8100379;Trimmelkam;;;;;
8100380;Vandans;;;;;
8100382;Villach Warmbad;;;;;
8100383;Wartberg im Mürztal;;;;;
8100388;Neudorf b.Parndorf;;;;;
8100389;Wolfurt;;;;;
8100390;Aschau im Zillertal;;;;;
8100391;Bad St.Leonhard;;;;;
8100393;Bleiburg;;;;;
8100395;Wien Breitensee;;;;;
8100396;Linz/Donau Urfahr;;;;;
8100397;Breitenbrunn/Neusiedler See;;;;;
8100398;Loipersbach-Schattendorf;;;;;
8100399;Irnfritz;;;;;
8100400;Ramsau im Zillertal-Hippach;;;;;
8100403;Rattendorf-Jenig;;;;;
8100404;Salzburg Maria Plain-Plainbrücke;;;;;
8100405;Ried im Innkreis;;;;;
8100406;Ried im Zillertal;;;;;
8100407;Riedau;;;;;
8100408;Mattersburg;;;;;
8100409;Mattighofen;;;;;
8100410;Mauerkirchen;;;;;
8100411;Rosenburg/Kamp;;;;;
8100412;Micheldorf in OÖ;;;;;
8100413;Mauthausen OÖ;;;;;
8100414;Salzburg Hbf (Bahnsteige 11-12);;;;;
8100415;Sarmingstein;;;;;
8100416;Sattledt;;;;;
8100417;Mittewald/Drau;;;;;
8100418;Mittlern;;;;;
8100419;Möllbrücke-Sachsenburg;;;;;
8100420;Scharnstein-Mühldorf;;;;;
8100421;Mühlbach im Pinzgau;;;;;
8100422;Schützen am Gebirge;;;;;
8100423;Münchendorf;;;;;
8100424;Müllendorf;;;;;
8100425;Wörschach Schwefelbad;;;;;
8100426;Seekirchen/Wallersee;;;;;
8100429;Söchau;;;;;
8100430;Neufelden;;;;;
8100431;St.Andrä/Zicksee;;;;;
8100432;St.Andrä-Wördern;;;;;
8100433;Neukirchen am Großvenediger;;;;;
8100434;Neusiedl am See;;;;;
8100435;St.Johann im Rosental;;;;;
8100437;St.Martin im Innkreis;;;;;
8100438;Niederspaching;;;;;
8100439;Obereggendorf;;;;;
8100440;St.Stefan im Lavanttal;;;;;
8100441;Wien Oberdöbling;;;;;
8100442;Obernberg-Altheim;;;;;
8100445;Waidhofen/Ybbs;;;;;
8100446;Wien Franz-Josefs-Bahnhof;;;;;
8100447;Wien Hütteldorf;;;;;
8100448;Pamhagen;;;;;
8100449;Wien Mitte-Landstraße;;;;;
8100450;Wien Penzing;;;;;
8100451;Zirl;;;;;
8100452;Aschach/Donau;;;;;
8100453;Neusiedl am See Bad;;;;;
8100454;Attersee;;;;;
8100455;Bad Waltersdorf;;;;;
8100456;Bergheim b.Salzburg;;;;;
8100457;Bernhardsthal;;;;;
8100458;Bramberg am Wildkogel;;;;;
8100459;Dellach im Gailtal;;;;;
8100460;Klosterneuburg Kierling;;;;;
8100463;Losenstein;;;;;
8100465;Rattenberg-Kramsach;;;;;
8100466;Marchegg;;;;;
8100467;Maria Elend im Rosental;;;;;
8100469;Retz;;;;;
8100470;Maria Rain in Ktn;;;;;
8100471;Mariazell;;;;;
8100472;Marz-Rohrbach;;;;;
8100473;Bregenz Riedenburg;;;;;
8100474;Rohrbach-Berg;;;;;
8100475;Maurach/Achensee;;;;;
8100476;Rottenegg;;;;;
8100477;Rum b.Innsbruck;;;;;
8100478;Mining;;;;;
8100479;Mitterbach/Erlaufsee;;;;;
8100480;Mittersill;;;;;
8100481;Bad Sauerbrunn;;;;;
8100482;Schaan-Vaduz;;;;;
8100483;Schaftenau;;;;;
8100484;Mönchhof-Halbturn;;;;;
8100485;Scheibbs;;;;;
8100486;Schlitters-Bruck am Ziller;;;;;
8100487;Schönberg/Kamp;;;;;
8100488;Münster-Wiesing;;;;;
8100489;Munderfing;;;;;
8100490;Murau;;;;;
8100491;Mureck;;;;;
8100493;Sigmundsherberg;;;;;
8100494;Neudörfl im Bgld;;;;;
8100495;Neufeld/Leitha;;;;;
8100496;St.Andrä im Lavanttal;;;;;
8100497;St.Anton im Montafon;;;;;
8100498;St.Georgen im Attergau;;;;;
8100499;Nickelsdorf;;;;;
8100500;Niedernsill;;;;;
8100501;St.Paul im Lavanttal;;;;;
8100502;St.Martin-Sittich;;;;;
8100503;St.Nikola-Struden;;;;;
8100505;Ober-Grafendorf;;;;;
8100506;St.Urban/Ossiacher See;;;;;
8100507;Vöcklabruck;;;;;
8100508;Vöcklamarkt;;;;;
8100509;Oberndorf b.Salzburg;;;;;
8100511;Weyer/Enns;;;;;
8100512;Wien Ottakring;;;;;
8100513;Ottensheim;;;;;
8100514;Wien Meidling;;;;;
8100515;Parndorf Ort;;;;;
8100516;Wr.Neustadt Hbf;;;;;
8100517;Windischgarsten;;;;;
8100518;Zeltweg;;;;;
8100520;Petronell-Carnuntum;;;;;
8100521;Pettenbach OÖ;;;;;
8100522;Peuerbach;;;;;
8100523;Piesendorf;;;;;
8100524;Pill-Vomperbach;;;;;
8100525;Pottendorf-Landegg;;;;;
8100526;Pram-Haag;;;;;
8100527;Preblau-Sauerbrunn;;;;;
8100528;Pregarten;;;;;
8100529;Pressegger See;;;;;
8100530;Puchenstuben;;;;;
8100531;Pürbach-Schrems;;;;;
8100532;Purbach/Neusiedler See;;;;;
8100533;Stadl/Mur;;;;;
8100534;Stockerau;;;;;
8100535;Feistritz im Rosental;;;;;
8100536;Kefermarkt;;;;;
8100537;Maria Ellend/Donau;;;;;
8100538;Bad Deutsch-Altenburg;;;;;
8100539;Werfen;;;;;
8100541;Mayrhofen im Zillertal;;;;;
8100543;Pama;;;;;
8100544;Wernstein/Inn;;;;;
8100545;Jenbach (Zillertalbahn);;;;;
8100546;Kuchl;;;;;
8100547;Zell am Ziller;;;;;
8100548;Innsbruck Allerheiligenhöfe;;;;;
8100549;Gießenbach in Tirol;;;;;
8100550;Heiterwang-Plansee;;;;;
8100551;Kranebitten;;;;;
8100552;Lermoos;;;;;
8100553;Lähn b.Bichlbach;;;;;
8100554;Leithen b.Seefeld;;;;;
8100555;Musau;;;;;
8100556;Pflach;;;;;
8100557;Schönbichl in Tirol;;;;;
8100558;Ulrichsbrücke-Füssen;;;;;
8100559;Salzburg Gnigl;;;;;
8100562;Autal;;;;;
8100563;Au b.Bad Wimsbach;;;;;
8100564;St.Martin im Sulmtal-Bergla;;;;;
8100565;Bergham b.Linz;;;;;
8100568;Fels am Wagram;;;;;
8100570;Großendorf;;;;;
8100571;Gutenstein;;;;;
8100572;Haid b.Vöcklamarkt;;;;;
8100573;Micheldorf-Hirt;;;;;
8100575;Kogl im Attergau;;;;;
8100576;Marktl/Traisen;;;;;
8100578;Muntigl;;;;;
8100579;Oed/Piesting;;;;;
8100580;Perg;;;;;
8100582;Pürgg;;;;;
8100583;Saurau;;;;;
8100584;Schlüßlberg;;;;;
8100585;Wartberg ob der Aist Schloss Haus;;;;;
8100586;Silz im Oberinntal;;;;;
8100587;Schlöglmühl;;;;;
8100589;Stams;;;;;
8100590;Stübing;;;;;
8100591;Silberwald;;;;;
8100592;Waldl;;;;;
8100593;Werndorf;;;;;
8100594;Weng b.Neumarkt;;;;;
8100595;Wenns im Pinzgau;;;;;
8100597;Aich-Assach;;;;;
8100599;Albersdorf b.Gleisdorf;;;;;
8100600;Aschbach NÖ;;;;;
8100601;Flughafen Graz-Feldkirchen;;;;;
8100602;Achenlohe;;;;;
8100603;Achensee Schiffstation;;;;;
8100604;Acharting;;;;;
8100606;Bergham b.Linz Am Dürrweg;;;;;
8100609;Aisthofen;;;;;
8100611;Aich im Jauntal;;;;;
8100613;Allerheiligen-Mürzhofen;;;;;
8100614;Alkoven Schule;;;;;
8100615;Alling-Tobisegg;;;;;
8100619;Angern/March;;;;;
8100622;Arbing;;;;;
8100623;Ardning;;;;;
8100625;Absberg;;;;;
8100626;Ansfelden;;;;;
8100627;Abschlag Fassldorf;;;;;
8100630;Altach;;;;;
8100634;Wien Atzgersdorf;;;;;
8100635;Altenstadt (Feldkirch);;;;;
8100637;Atzenbrugg;;;;;
8100638;Aurolzmünster;;;;;
8100639;Aurachkirchen;;;;;
8100641;Auersthal;;;;;
8100642;Ausschlag-Zöbern;;;;;
8100643;Altweitra;;;;;
8100644;Breitenaich b.Wels;;;;;
8100647;Bärnbach b.Köflach;;;;;
8100650;Berndorf/Triesting Fabrik;;;;;
8100651;Boding;;;;;
8100652;Berndorf/Triesting Stadt;;;;;
8100653;Bad Fischau-Brunn;;;;;
8100655;Bad Fischau;;;;;
8100656;Baumgartenberg;;;;;
8100657;Berg im Drautal;;;;;
8100658;Baumgartner;;;;;
8100661;Böheimkirchen;;;;;
8100663;Bad Blumau;;;;;
8100666;Blankenberg b.Vorchdorf;;;;;
8100667;Bludenz-Moos;;;;;
8100668;Bleiburg Stadt;;;;;
8100669;Blindenmarkt b.Amstetten;;;;;
8100672;Bad Mitterndorf-Heilbrunn;;;;;
8100675;Bockfließ;;;;;
8100677;Bad Radkersburg;;;;;
8100678;Ried im Innkreis Bad;;;;;
8100680;Bruderndorf b.Langschlag;;;;;
8100681;Bergern am Hausruck;;;;;
8100682;Breiteneich b.Horn;;;;;
8100686;Bruckberg im Pinzgau;;;;;
8100687;Breitwiesen;;;;;
8100689;Bisamberg;;;;;
8100691;Wien Brünner Straße;;;;;
8100692;Breitenstein am Semmering;;;;;
8100693;Breitensee b.Marchegg;;;;;
8100695;Breitenschützing;;;;;
8100697;Burgfried b.Gnas;;;;;
8100698;Brunn-Maria Enzersdorf;;;;;
8100699;Bludenz Brunnenfeld;;;;;
8100700;Buchberg/Kamp;;;;;
8100702;Burgeck;;;;;
8100703;Bichl im Zillertal;;;;;
8100705;Brunn/Pitten;;;;;
8100706;Brunn/Schneebergbahn;;;;;
8100707;Baumgarten-Waldbach;;;;;
8100708;Bad Vöslau;;;;;
8100710;Breitenwaida;;;;;
8100711;Bad Wimsbach-Neydharting;;;;;
8100712;Bad Wimsbach Styriasiedlung;;;;;
8100713;Böhlerwerk;;;;;
8100716;Dorf/Enns;;;;;
8100717;Dörnbach-Hitzing;;;;;
8100718;Deutschlandsberg;;;;;
8100719;Deutschkreutz;;;;;
8100720;Deutschfeistritz;;;;;
8100721;Deutsch Wagram;;;;;
8100722;Dechantskirchen;;;;;
8100724;Dürnkrut;;;;;
8100725;Munderfing Dampfsäge;;;;;
8100726;Dietmanns b.Gmünd;;;;;
8100727;Dornach b.Grein;;;;;
8100728;Dornbirn Schoren;;;;;
8100730;Dorf im Pinzgau-Pass Thurn;;;;;
8100731;Dreistetten;;;;;
8100732;Dietrichshofen;;;;;
8100733;Dürnbach/Enns;;;;;
8100734;Dürnberg b.Ottensheim;;;;;
8100735;Dürrwien;;;;;
8100736;Eichberg am Semmering;;;;;
8100737;Eferding Gewerbegebiet;;;;;
8100738;Eben/Achensee;;;;;
8100740;Eberschwang;;;;;
8100743;Eching b.Bürmoos;;;;;
8100745;Emmersdorf im Gailtal;;;;;
8100746;Etsdorf-Straß;;;;;
8100747;Ernsthofen;;;;;
8100749;Eichgraben-Altlengbach;;;;;
8100753;Gmunden Engelhof Lokalbahn;;;;;
8100755;Erlach im Zillertal;;;;;
8100756;Wien Erzherzog-Karl-Straße;;;;;
8100757;Enzesfeld-Lindabrunn;;;;;
8100759;Ennsdorf;;;;;
8100760;Einach;;;;;
8100763;Ehrenhausen;;;;;
8100764;Erlauf;;;;;
8100765;Eisengattern;;;;;
8100766;Ebensee Landungsplatz;;;;;
8100770;Eschenau/Salzach;;;;;
8100772;Elsbethen;;;;;
8100773;Eisenstadt Schule;;;;;
8100774;Eugendorf;;;;;
8100775;Enzersdorf b.Staatz;;;;;
8100777;Falkendorf/Mur;;;;;
8100778;Falkenohren;;;;;
8100779;Frauental-Bad Gams;;;;;
8100780;Felixdorf;;;;;
8100781;Ferndorf in Ktn;;;;;
8100783;Fentsch-St.Lorenzen;;;;;
8100784;Feuerwerksanstalt;;;;;
8100785;Feldham;;;;;
8100788;Finkenstein;;;;;
8100789;Finklham;;;;;
8100790;Fischa;;;;;
8100791;Feldkirch Amberg;;;;;
8100793;Feldbach/Raab Landesbahn;;;;;
8100794;Unterfladnitz;;;;;
8100795;Flaurling;;;;;
8100796;Wien Siemensstraße;;;;;
8100797;Föderlach;;;;;
8100800;Frauenberg/Enns;;;;;
8100802;Frankenfels;;;;;
8100804;Fraham b.Eferding;;;;;
8100806;Frojach;;;;;
8100807;Linz/Donau Franckstraße;;;;;
8100808;Frättingsdorf;;;;;
8100813;Furth-Palt;;;;;
8100814;Furth b.Mattighofen;;;;;
8100817;Gaisfeld;;;;;
8100818;Gagering;;;;;
8100819;Gaishorn am See;;;;;
8100823;Gaisruck b.Stockerau;;;;;
8100826;Grein-Bad Kreuzen;;;;;
8100827;Göllersdorf;;;;;
8100828;Gedersdorf;;;;;
8100830;Geinberg;;;;;
8100831;Gemeinlebarn;;;;;
8100832;Großengersdorf;;;;;
8100833;Geras-Kottaun;;;;;
8100834;Getzersdorf ob der Traisen;;;;;
8100836;Greinsfurth;;;;;
8100837;Groß St.Florian;;;;;
8100839;Großgerungs;;;;;
8100841;Großhaslau;;;;;
8100842;Gisingen (Feldkirch);;;;;
8100843;Graz Köflacher;;;;;
8100845;Gunskirchen;;;;;
8100846;Guntramsdorf Thallern;;;;;
8100847;Grünbach am Schneeberg Kohlenwerk;;;;;
8100849;Glandorf;;;;;
8100850;Glanegg in Ktn;;;;;
8100851;Gleißenfeld;;;;;
8100852;Glinzendorf;;;;;
8100853;Glaubendorf-Wetzdorf;;;;;
8100856;Gnas;;;;;
8100857;Gniebing;;;;;
8100858;Grein Stadt;;;;;
8100859;Gobelsburg;;;;;
8100861;Gödersdorf;;;;;
8100862;Görtschach-Förolach;;;;;
8100863;Bad Goisern Jodschwefelbad;;;;;
8100864;Gopperding;;;;;
8100867;Gumpoldskirchen;;;;;
8100869;Gerasdorf b.Wien;;;;;
8100876;Großraming;;;;;
8100877;Granitztal;;;;;
8100878;Gerling OÖ;;;;;
8100879;Gerling im Pinzgau;;;;;
8100882;Grünbach am Schneeberg;;;;;
8100883;Graz Webling;;;;;
8100884;Groß Schweinbarth;;;;;
8100885;Gschnarret;;;;;
8100886;Gosdorf;;;;;
8100888;Grimsing;;;;;
8100890;Großsierning;;;;;
8100891;Gstocket;;;;;
8100892;Gries im Pinzgau;;;;;
8100893;Gschwandt-Rabesberg;;;;;
8100894;Guntersdorf;;;;;
8100896;Großwiesendorf-Tiefenthal;;;;;
8100897;Guggenbach;;;;;
8100898;Guggenbach Warthkogelsiedlung;;;;;
8100900;Gundersheim im Gailtal;;;;;
8100901;Guggenbach Pulverwerksiedlung;;;;;
8100903;Gussendorf;;;;;
8100905;Graz Wetzelsdorf;;;;;
8100906;Großweikersdorf;;;;;
8100907;Grieswirt;;;;;
8100910;Habachtal-Weyerhof;;;;;
8100912;Hagenau b.Salzburg;;;;;
8100914;Hagenau im Innkreis;;;;;
8100916;Halbenrain;;;;;
8100918;Wien Hirschstetten;;;;;
8100920;Wien Haidestraße;;;;;
8100921;Hatlerdorf (Dornbirn);;;;;
8100922;Wien Hadersdorf;;;;;
8100924;Heilbad Burgwies;;;;;
8100925;Hennersdorf b.Wien;;;;;
8100926;Hallstatt;;;;;
8100928;Helmahof;;;;;
8100929;Hallwang-Elixhausen;;;;;
8100932;Hengsthütte;;;;;
8100935;Wien Hetzendorf;;;;;
8100936;Hetzmannsdorf-Wullersdorf;;;;;
8100937;Hofstatt/Anzbach;;;;;
8100939;Hopfgarten im Brixental Berglift;;;;;
8100940;Hofstetten-Grünau;;;;;
8100945;Hohenbrugg/Raab;;;;;
8100947;Himberg b.Übelbach;;;;;
8100948;Hart im Innkreis;;;;;
8100949;Hilm-Kematen;;;;;
8100950;Himberg b.Wien;;;;;
8100952;Hipping;;;;;
8100953;Hirschbach b.Gmünd;;;;;
8100954;Hintering;;;;;
8100955;Hollenegg;;;;;
8100956;Haiming;;;;;
8100957;Hainfeld NÖ;;;;;
8100958;Hainburg/Donau Kulturfabrik;;;;;
8100959;Hainburg/Donau Ungartor;;;;;
8100960;Waizenkirchen Hochscharten;;;;;
8100961;Höflein/Donau;;;;;
8100962;Höbersdorf;;;;;
8100963;Hofern b.Retz;;;;;
8100967;Hönigsberg;;;;;
8100968;Hochschneeberg Bergbahnhof;;;;;
8100970;Hörersdorf;;;;;
8100974;Hörsching;;;;;
8100975;Wien Hausfeldstraße;;;;;
8100976;Haslach/Mühl;;;;;
8100979;Hofstätten b.Bad Gleichenberg;;;;;
8100980;Hausruck;;;;;
8100981;Haselstauden (Dornbirn);;;;;
8100982;Haslau/Donau;;;;;
8100983;Hirtenberg;;;;;
8100984;Hautzendorf NÖ;;;;;
8100986;Hatting in Tirol;;;;;
8100990;Hausleiten b.Stockerau;;;;;
8100993;Hüttau;;;;;
8100995;Herzograd;;;;;
8100996;Herzogenburg Stadt;;;;;
8100997;Herzogenburg-Wielandsthal;;;;;
8100999;Iglmühle;;;;;
8101000;Imsterberg;;;;;
8101003;Wien Blumental;;;;;
8101004;St.Georgen b.Salzburg Irlach;;;;;
8101005;Irschen in Ktn;;;;;
8101006;Itzling OÖ;;;;;
8101007;Inzing/Inn;;;;;
8101010;Jennersdorf;;;;;
8101011;Judendorf-Straßengel;;;;;
8101012;Jedenspeigen;;;;;
8101013;Wien Jedlersdorf;;;;;
8101014;Johnsbach im Nationalpark;;;;;
8101019;Kalsdorf b.Graz;;;;;
8101020;Kapellerfeld;;;;;
8101021;Kapfing im Zillertal;;;;;
8101022;Wien Kahlenbergerdorf (Tarifpunkt);;;;;
8101023;Kaindorf im Murtal;;;;;
8101024;Kamegg;;;;;
8101025;Kainisch;;;;;
8101029;Katsdorf;;;;;
8101032;Kapfenberg Fachhochschule;;;;;
8101033;Kottingbrunn;;;;;
8101034;Kalköfen-Dachsberg;;;;;
8101036;Kematen/Krems;;;;;
8101037;Kendlbruck;;;;;
8101038;Kematen in Tirol;;;;;
8101039;Köflach;;;;;
8101041;Kammerhof;;;;;
8101044;Kitzbühel Hahnenkamm;;;;;
8101045;Kimpling;;;;;
8101046;Kirchham b.Vorchdorf Ort;;;;;
8101047;Kirchham b.Vorchdorf;;;;;
8101048;Kirchstetten b.Neulengbach;;;;;
8101049;Kirchberg-Thürnau;;;;;
8101050;Klamm-Schottwien;;;;;
8101051;Kledering b.Wien;;;;;
8101052;Karling b.Eferding;;;;;
8101053;Krottendorf-Ligist;;;;;
8101055;Kleblach-Lind;;;;;
8101056;Klangen;;;;;
8101060;Kleinmeiseldorf-Maria Dreieichen;;;;;
8101061;Kammern im Liesingtal;;;;;
8101063;Kumpfmühl;;;;;
8101065;Kottingneusiedl;;;;;
8101070;Köppling;;;;;
8101071;Kothmühle;;;;;
8101072;Kößlwang;;;;;
8101075;Kappel am Krappfeld;;;;;
8101076;Kraubath/Mur;;;;;
8101077;Kreisbach;;;;;
8101078;Waidhofen/Ybbs Kreilhof;;;;;
8101079;Kastenreith;;;;;
8101080;Krieglach;;;;;
8101081;Kröllendorf;;;;;
8101083;Krummnußbaum an der Westbahn;;;;;
8101084;Kritzendorf;;;;;
8101085;Krenstetten-Biberbach;;;;;
8101087;Krems in Stmk;;;;;
8101090;Klagenfurt Annabichl;;;;;
8101091;Klagenfurt Ebenthal;;;;;
8101093;Klagenfurt Lend;;;;;
8101094;Klagenfurt Ostbahnhof;;;;;
8101096;Königsbrunn-Unterstockstall;;;;;
8101097;Küb;;;;;
8101099;Küpfern;;;;;
8101100;Klaus in Vlbg;;;;;
8101101;Klosterneuburg Weidling;;;;;
8101102;Großraming Kraftwerk;;;;;
8101103;Kleinwien;;;;;
8101104;Lanzenkirchen;;;;;
8101105;Katzendorf in Stmk;;;;;
8101106;Kleinzell im Mühlkreis;;;;;
8101107;Kroisbach-Zöbing;;;;;
8101110;Lacken im Mühlkreis;;;;;
8101111;Ladendorf;;;;;
8101113;Wald im Pinzgau Lahnsiedlung;;;;;
8101115;Laizing;;;;;
8101117;Lahöfen;;;;;
8101118;Lahrndorf b.Garsten;;;;;
8101119;Lehen-Altensam;;;;;
8101120;Lauffen b.Bad Ischl;;;;;
8101122;Laxenburg-Biedermannsdorf;;;;;
8101124;Leobendorf-Burg Kreuzenstein;;;;;
8101126;Lendorf im Drautal;;;;;
8101127;Linz/Donau Ebelsberg;;;;;
8101134;Ledenitzen;;;;;
8101135;Lenzing OÖ Ort;;;;;
8101137;Lebring;;;;;
8101140;Leumühle;;;;;
8101141;Lenzing OÖ;;;;;
8101144;Langau b.Geras;;;;;
8101145;Lengdorf im Pinzgau;;;;;
8101146;Leogang-Steinberge;;;;;
8101148;Lichendorf b.Mureck;;;;;
8101149;Lieboch;;;;;
8101150;Wien Liesing;;;;;
8101151;Lind-Scheifling;;;;;
8101153;Lilienfeld;;;;;
8101154;Limberg-Maissau;;;;;
8101157;Lind-Rosegg;;;;;
8101158;Schadendorf b.Lieboch;;;;;
8101159;Langenlebarn;;;;;
8101160;Lannach;;;;;
8101161;Laßnitzthal;;;;;
8101163;Leobersdorf;;;;;
8101164;Lödersdorf;;;;;
8101165;Leonding (Westbahn);;;;;
8101166;Loich;;;;;
8101167;Leonding (Lokalbahn);;;;;
8101169;Loosdorf b.Melk;;;;;
8101170;Wien Leopoldau;;;;;
8101173;Lanzendorf-Rannersdorf;;;;;
8101175;Lorüns;;;;;
8101176;Langschlag b.Großgerungs;;;;;
8101177;Lustenau Markt;;;;;
8101178;Lasberg-St.Oswald;;;;;
8101179;Lahnstein/Traun;;;;;
8101180;Laa/Thaya;;;;;
8101185;Lungitz/Gusen;;;;;
8101186;Lutzmannsdorf/Mur;;;;;
8101189;Langwies/Traun;;;;;
8101190;Langenwang/Mürz;;;;;
8101191;Langenzersdorf;;;;;
8101193;Linz/Donau Oed;;;;;
8101195;Linz/Donau Wegscheid;;;;;
8101196;Madling;;;;;
8101197;Maria Anzbach;;;;;
8101198;Mainburg/Pielach;;;;;
8101199;Maierdorf;;;;;
8101202;Mandling/Enns;;;;;
8101203;Markersdorf/Pielach;;;;;
8101204;Marchtrenk;;;;;
8101205;Mautbrücken;;;;;
8101206;Matzen im Weinviertel;;;;;
8101210;Mixnitz-Bärenschützklamm;;;;;
8101214;Meidling im Tal;;;;;
8101217;Michelhausen;;;;;
8101218;Miesenbach-Waidmannsfeld;;;;;
8101219;Mitterberghütten;;;;;
8101221;Mitterdorf-Veitsch;;;;;
8101222;Mittlere Au OÖ;;;;;
8101223;Lambach Markt;;;;;
8101224;Maria Lanzendorf;;;;;
8101225;Mühling/Erlauf;;;;;
8101227;Wien Matzleinsdorfer Platz (ÖBB);;;;;
8101228;Mauer-Öhling;;;;;
8101229;Möllersdorf Aspangbahn;;;;;
8101230;Mödling;;;;;
8101231;Mogersdorf;;;;;
8101237;Mötz;;;;;
8101238;Paternion Markt;;;;;
8101239;Maria Saal;;;;;
8101241;Sachsenburg Markt;;;;;
8101243;Marein-St.Lorenzen;;;;;
8101244;Mariahof-St.Lambrecht;;;;;
8101245;Mistelbach/Zaya;;;;;
8101247;Muckendorf-Wipfing;;;;;
8101248;Mühlheim/Inn;;;;;
8101249;Mühldorf im Lavanttal;;;;;
8101251;Mitterweißenbach;;;;;
8101254;Manzing-Prambach;;;;;
8101255;Neuhofen/Krems;;;;;
8101260;Neukirchen-Gampern;;;;;
8101261;Neubau-Kreuzstetten;;;;;
8101262;Nendeln;;;;;
8101265;Nettingsdorf;;;;;
8101267;Neuhaus/Gail;;;;;
8101269;Neuhub;;;;;
8101271;Niederfladnitz;;;;;
8101272;Niederkreuzstetten;;;;;
8101273;Niederöblarn;;;;;
8101274;Nikolsdorf;;;;;
8101275;Niklasdorf;;;;;
8101277;Neunkirchen NÖ;;;;;
8101278;Neukirchen b.Lambach;;;;;
8101279;Neulengbach;;;;;
8101280;Neulengbach Stadt;;;;;
8101282;Neuhaus-Niederwaldkirchen;;;;;
8101283;Nöstlbach-St.Marien;;;;;
8101284;Nötsch im Gailtal;;;;;
8101285;Niederwölz;;;;;
8101287;Niedernfritz-St.Martin;;;;;
8101288;Neuratting;;;;;
8101289;Nüziders;;;;;
8101290;Wien Nußdorf;;;;;
8101292;Nußbach;;;;;
8101293;Neumarkt/Ybbs-Karlsbach;;;;;
8101294;Oberaschach;;;;;
8101295;Oberbrunn im Innkreis;;;;;
8101298;Oberfalkenstein;;;;;
8101299;Oberhart b.Steinhaus;;;;;
8101304;Obersdorf NÖ (Bahnsteig 3);;;;;
8101305;Oedt b.Feldbach;;;;;
8101306;Oepping;;;;;
8101307;Oedt b.Feldbach Siedlung;;;;;
8101308;Oftering;;;;;
8101309;Oberndorf b.Salzburg Oichtensiedlung;;;;;
8101311;Obertraun Koppenbrüllerhöhle;;;;;
8101312;Ollersbach;;;;;
8101313;Oberland OÖ;;;;;
8101315;Oberolberndorf;;;;;
8101316;Oberpiesting;;;;;
8101317;Obersdorf NÖ (Bahnsteige 1-2);;;;;
8101318;St.Pölten ÖBB Hauptwerkstätte (Traisentalbahn);;;;;
8101319;Oberradlberg;;;;;
8101320;Ortmann;;;;;
8101322;Obersee OÖ;;;;;
8101323;Oisnitz-St.Josef;;;;;
8101324;Oberthalheim-Timelkam;;;;;
8101325;Obertrattnach-Markt Hofkirchen;;;;;
8101327;Ottnang-Wolfsegg;;;;;
8101328;Oberwaltersdorf;;;;;
8101329;Oberweiden;;;;;
8101332;Oberhofen-Zell am Moos;;;;;
8101334;Palmsdorf im Attergau;;;;;
8101335;Parndorf;;;;;
8101336;Paasdorf;;;;;
8101337;Patsch;;;;;
8101338;Paudorf;;;;;
8101339;Prambeckenhof;;;;;
8101340;Prattsdorf-Dachsberg;;;;;
8101341;Preding b.Weiz;;;;;
8101342;Purkersdorf b.Wien Sanatorium;;;;;
8101343;Preding-Wieselsdorf;;;;;
8101345;Penk im Mölltal;;;;;
8101346;Perchtoldsdorf;;;;;
8101347;Petersbaumgarten;;;;;
8101349;Pfennigbach b.Puchberg;;;;;
8101351;Pfaffenschwendt;;;;;
8101352;Pfaffstätten;;;;;
8101353;Pfarrwerfen;;;;;
8101356;Pichl b.Schladming;;;;;
8101358;Linz/Donau Pichling;;;;;
8101360;Bad Pirawarth;;;;;
8101361;Pinsdorf;;;;;
8101363;Plank/Kamp;;;;;
8101364;Pölfing-Brunn;;;;;
8101365;Pillichsdorf;;;;;
8101367;Platt b.Zellerndorf;;;;;
8101368;Pleißing-Waschbach;;;;;
8101369;Pernitz-Muggendorf;;;;;
8101370;Pernegg/Mur;;;;;
8101371;Prenning;;;;;
8101372;Prenning Viertler;;;;;
8101373;Pusarnitz;;;;;
8101374;St.Pölten Alpenbahnhof (Traisentalbahn);;;;;
8101375;Pöckau;;;;;
8101376;Pöham;;;;;
8101377;Pöndorf;;;;;
8101378;Postran;;;;;
8101379;Pötting im Hausruckkreis;;;;;
8101380;Prädiberg;;;;;
8101381;Pressbaum;;;;;
8101382;Premstätten-Tobelbad;;;;;
8101383;Wolfsberg in Ktn Reding;;;;;
8101384;Prottes;;;;;
8101385;Predlitz Turrach;;;;;
8101386;Pruggern;;;;;
8101387;Prinzersdorf;;;;;
8101389;Pasching b.Linz;;;;;
8101390;Pottschach;;;;;
8101391;Purgstall/Erlauf;;;;;
8101393;Passering;;;;;
8101394;Markt Piesting;;;;;
8101395;Pritschitz;;;;;
8101396;Pottenbrunn;;;;;
8101397;Pirtendorf;;;;;
8101398;Graz Puntigam;;;;;
8101399;Peterskirchen;;;;;
8101401;Pottenstein/Triesting;;;;;
8101402;Puchenau;;;;;
8101403;Puchberg am Schneeberg;;;;;
8101404;Purkersdorf b.Wien Zentrum;;;;;
8101405;Pulgarn;;;;;
8101406;Puch b.Hallein;;;;;
8101407;Pupping;;;;;
8101408;Purkla;;;;;
8101409;Puchenau West;;;;;
8101414;Petzenkirchen;;;;;
8101415;Raasdorf;;;;;
8101416;Rabensburg;;;;;
8101418;Raggendorf;;;;;
8101419;Ramingdorf-Haidershofen;;;;;
8101421;Rainfeld-Klein Zell;;;;;
8101423;Rabenstein/Pielach;;;;;
8101424;Ravelsbach;;;;;
8101428;Redl-Zipf;;;;;
8101430;Regelsbrunn;;;;;
8101431;Reichraming;;;;;
8101432;Rekawinkel;;;;;
8101433;Wien Rennweg;;;;;
8101434;Reisach im Gailtal;;;;;
8101437;Raggendorf Markt;;;;;
8101439;Rohrbach/Gölsen;;;;;
8101440;Rosental im Pinzgau;;;;;
8101443;Ramingstein;;;;;
8101444;Ramingstein-Thomatal;;;;;
8101447;Rothenthurn;;;;;
8101448;Roppen;;;;;
8101449;Rosenau/Ybbs;;;;;
8101450;Roßleithen;;;;;
8101451;Rotholz;;;;;
8101453;Rohrendorf b.Krems;;;;;
8101454;Rohr/Raab;;;;;
8101456;Rettenbach im Pinzgau;;;;;
8101457;Rietz in Tirol;;;;;
8101458;Rufling;;;;;
8101460;Marbach b.Murau Golfplatz;;;;;
8101463;Saffen;;;;;
8101466;Schafbergalpe;;;;;
8101467;Sarasdorf;;;;;
8101468;Säusenstein;;;;;
8101469;Saxen;;;;;
8101470;Salzburg Aigen;;;;;
8101471;St.Michael ob Bleiburg;;;;;
8101472;Hengsttal;;;;;
8101473;Wien Quartier Belvedere;;;;;
8101474;Schildberg b.Böheimkirchen;;;;;
8101475;Schwerbach/Pielach;;;;;
8101476;Salzburg Itzling;;;;;
8101477;Siebenbrunn-Leopoldsdorf;;;;;
8101478;Siebenmühlen-Rosenau;;;;;
8101480;Schauboden;;;;;
8101481;Salzburg Parsch;;;;;
8101485;St.Daniel;;;;;
8101486;Stefansdorf b.Peuerbach;;;;;
8101489;St.Egyden am Steinfeld;;;;;
8101490;Murau St.Egidi;;;;;
8101493;Straß-Emling;;;;;
8101494;Stein/Enns;;;;;
8101496;Villach Seebach;;;;;
8101498;Seyring;;;;;
8101499;Leonding Straßfeld;;;;;
8101500;Stiefern;;;;;
8101501;St.Georgen/Gusen;;;;;
8101502;St.Georgen/Gusen Bahnhst;;;;;
8101504;St.Georgen ob Judenburg;;;;;
8101505;St.Georgen/Längsee;;;;;
8101506;St.Georgen/Mattig;;;;;
8101507;Graz Straßgang;;;;;
8101508;Steinbach-Großpertholz;;;;;
8101510;St.Georgen am Steinfelde;;;;;
8101511;St.Georgen im Attergau Seniorenheim;;;;;
8101513;St.Georgen b.Salzburg;;;;;
8101514;Stadt Haag;;;;;
8101515;Straßhof/Aschach;;;;;
8101516;Schlägl;;;;;
8101517;Schmidham im Attergau;;;;;
8101519;Bergheim b.Salzburg Schlachthof;;;;;
8101520;Steinhaus am Semmering;;;;;
8101521;Steinhaus b.Wels;;;;;
8101522;Sierndorf b.Stockerau;;;;;
8101523;Siebenhirten NÖ;;;;;
8101524;Sierndorf/March;;;;;
8101527;Siggerwiesen;;;;;
8101529;St.Jodok am Brenner;;;;;
8101530;St.Johann-Weistrach;;;;;
8101533;Steinklamm;;;;;
8101534;Steinkogel;;;;;
8101535;Schleinbach;;;;;
8101536;Stillfried;;;;;
8101538;Scheifling in Stmk;;;;;
8101539;Wien Praterkai;;;;;
8101540;Schlierbach/Krems;;;;;
8101542;St.Lorenzen ob Murau;;;;;
8101543;Schlins-Beschling;;;;;
8101545;Schönfeld-Lassee;;;;;
8101546;Scheiblingkirchen-Warth;;;;;
8101548;Schönborn-Mallebarn;;;;;
8101549;Stein-Mautern;;;;;
8101550;Dietmannsdorf im Sulmtal;;;;;
8101553;Wien Simmering;;;;;
8101555;Wien Geiselbergstraße;;;;;
8101556;Wien Grillgasse;;;;;
8101557;Söding-Mooskirchen;;;;;
8101558;Salzburg Kasern;;;;;
8101560;St.Martin b.Traun;;;;;
8101562;St.Martin b.Weitra;;;;;
8101566;Straning;;;;;
8101567;Sollenau;;;;;
8101571;Wörgl Süd-Bruckhäusl;;;;;
8101573;Sonntagberg NÖ;;;;;
8101575;St.Paul im Lavanttal Bad;;;;;
8101576;Sperneck b.Eferding;;;;;
8101578;Spillern;;;;;
8101579;St.Pantaleon NÖ;;;;;
8101581;Schurrerprambach;;;;;
8101582;St.Peter im Sulmtal;;;;;
8101583;St.Pantaleon-Reith;;;;;
8101585;Sulz-Röthis;;;;;
8101586;Schrambach;;;;;
8101587;Sitzenberg-Reidling;;;;;
8101588;Wien Strebersdorf;;;;;
8101589;St.Ruprecht ob Murau;;;;;
8101590;Wien Hbf (Bahnsteige 1-2);;;;;
8101591;St.Ruprecht/Raab;;;;;
8101592;Villach St.Ruprecht;;;;;
8101593;Kitzbühel Schwarzsee;;;;;
8101594;Straßham-Schönering;;;;;
8101595;Strasshof/Nordbahn;;;;;
8101596;Spital am Semmering;;;;;
8101597;St.Peter-Seitenstetten;;;;;
8101598;St.Stefan-Vorderberg;;;;;
8101599;Schafbergspitze;;;;;
8101600;Staatz;;;;;
8101601;Schwertberg;;;;;
8101605;Lilienfeld Krankenhaus;;;;;
8101606;Stöttham im Attergau;;;;;
8101609;Steyr Münichholz;;;;;
8101611;Sautern-Schiltern;;;;;
8101612;Steinbachbrücke;;;;;
8101614;Steyregg;;;;;
8101616;Suetschach;;;;;
8101617;Schützen am Gebirge Bahnhst;;;;;
8101619;Wien Süßenbrunn;;;;;
8101620;Sulzbachtäler;;;;;
8101622;St.Veit/Gölsen;;;;;
8101623;St.Veit/Triesting;;;;;
8101624;St.Veit/Glan Westbahnhof;;;;;
8101626;Schwallenbach;;;;;
8101628;Schwanberg;;;;;
8101629;Schönwies b.Imst;;;;;
8101632;Schwarzenbach/Pielach;;;;;
8101633;St.Wolfgang im Salzk. Schafbergbf;;;;;
8101634;Schwarzach in Vlbg;;;;;
8101635;Waidhofen/Ybbs Stadt;;;;;
8101636;Schwarza b.Spielfeld;;;;;
8101638;Steyrling;;;;;
8101640;Traiskirchen Aspangbahn;;;;;
8101641;Wien Traisengasse;;;;;
8101643;Traisen;;;;;
8101644;Tallesbrunn;;;;;
8101645;Traisen Markt;;;;;
8101646;Tassenbach;;;;;
8101647;Tattendorf;;;;;
8101650;Tullnerbach-Pressbaum;;;;;
8101651;Trasdorf;;;;;
8101652;Tauchendorf-Haidensee;;;;;
8101653;Trautmannsdorf/Leitha;;;;;
8101654;Trautmannsdorf in Oststmk;;;;;
8101655;Teufenbach/Mur;;;;;
8101656;Teesdorf;;;;;
8101657;Ternitzer Hütte;;;;;
8101658;Teichstätt;;;;;
8101660;Tenneck;;;;;
8101661;Ternitz;;;;;
8101664;Theresienfeld;;;;;
8101665;St.Georgen im Attergau Thern;;;;;
8101666;Thurnharting;;;;;
8101669;Tiffen;;;;;
8101670;Timelkam;;;;;
8101671;Schüttdorf Tischlerhäusl;;;;;
8101674;Traunkirchen Ort;;;;;
8101675;Thörl-Maglern;;;;;
8101676;Töschling;;;;;
8101678;Thalheim-Pöls;;;;;
8101679;Steinschal-Tradigist;;;;;
8101680;Triebendorf;;;;;
8101681;Tröpolach;;;;;
8101682;Trumau;;;;;
8101684;Traxenbichl;;;;;
8101685;Tisis (Feldkirch);;;;;
8101686;Trattenbach/Enns;;;;;
8101690;Traun OÖ;;;;;
8101692;Tulln/Donau Stadt;;;;;
8101693;Übelbach;;;;;
8101694;Übersbach b.Fürstenfeld;;;;;
8101695;Ulmerfeld-Hausmening;;;;;
8101696;Unterhöflein;;;;;
8101697;Ulrichskirchen;;;;;
8101699;Linz/Donau Untergaumberg;;;;;
8101700;Unterhart b.Sattledt;;;;;
8101701;Untersiebenbrunn;;;;;
8101702;Unterkritzendorf;;;;;
8101703;Unterloiben;;;;;
8101704;Unteroberndorf;;;;;
8101706;Unterradlberg;;;;;
8101709;Unterpurkersdorf;;;;;
8101710;Unterm Wald;;;;;
8101711;Urschendorf am Steinfeld;;;;;
8101712;Unterberg-Stefansbrücke;;;;;
8101713;Untertullnerbach;;;;;
8101714;Übelbach Vormarkt;;;;;
8101716;Viechtwang;;;;;
8101717;Viehofen;;;;;
8101718;Bad Vigaun;;;;;
8101719;Viktring (Klagenfurt);;;;;
8101720;Vellach-Khünburg;;;;;
8101723;Voitsdorf;;;;;
8101724;Waidhofen/Ybbs Vogelsang;;;;;
8101725;Voitsberg;;;;;
8101728;Völs;;;;;
8101730;Wackersbach;;;;;
8101735;Waidegg;;;;;
8101736;Wankham b.Attnang;;;;;
8101737;Walchen im Attergau;;;;;
8101738;Walchen im Pinzgau;;;;;
8101739;Watschig;;;;;
8101740;Waidhofen/Ybbs Lokalbahn;;;;;
8101742;Wartberg/Krems;;;;;
8101745;Waldegg/Piesting;;;;;
8101746;Weikendorf;;;;;
8101747;Walding b.Linz;;;;;
8101748;Weikendorf-Dörfles;;;;;
8101750;Wies-Eibiswald;;;;;
8101751;Weidach b.Vorchdorf;;;;;
8101752;Weitersfeld/Mur;;;;;
8101754;Wels Lokalbahn;;;;;
8101755;Weissenbach-Neuhaus;;;;;
8101757;Walsberg;;;;;
8101760;Wien Weidlingau;;;;;
8101763;Weitersfeld im Waldviertel;;;;;
8101764;Wagram-Grafenegg;;;;;
8101767;Willersdorf/Aschach;;;;;
8101768;Wilhelmsburg/Traisen;;;;;
8101769;Willendorf am Steinfeld;;;;;
8101770;Wiesenau im Lavanttal;;;;;
8101771;Wilfleinsdorf;;;;;
8101773;Wildshut Kirchberg;;;;;
8101774;Wildon;;;;;
8101775;Wies in Stmk Markt;;;;;
8101776;Windau im Brixental;;;;;
8101778;Wiesmühle b.Sattledt;;;;;
8101780;Willendorf/Wachau;;;;;
8101781;Winzendorf b.Wr.Neustadt;;;;;
8101782;Wösendorf-Joching;;;;;
8101783;Weißenstein-Kellerberg;;;;;
8101784;Weitlanbrunn;;;;;
8101785;Wendling b.Haag;;;;;
8101786;Wollsdorf/Raab;;;;;
8101787;Wildungsmauer;;;;;
8101788;Wittmannsdorf NÖ;;;;;
8101789;Wr.Neustadt Civitas Nova;;;;;
8101791;Wr.Neustadt Nord;;;;;
8101792;Oberndorf in Tirol;;;;;
8101793;Wolkersdorf im Weinviertel;;;;;
8101794;Wolfshütte;;;;;
8101795;Wolfsbergkogel;;;;;
8101796;Wöllersdorf/Piesting;;;;;
8101797;Wopfing;;;;;
8101802;Winkl im Rosental;;;;;
8101803;Wallersee;;;;;
8101804;Wiesenfeld-Schwarzenbach;;;;;
8101806;Weißenbach-St.Gallen;;;;;
8101807;Waldstein;;;;;
8101808;Weitra;;;;;
8101809;Wettmannstätten;;;;;
8101810;Wulkaprodersdorf Bahnhst;;;;;
8101811;Weitwörth-Nußdorf;;;;;
8101813;Weiz;;;;;
8101814;Weiz Bahnhst;;;;;
8101817;Zehmemoos;;;;;
8101818;Wien St.Marx;;;;;
8101819;Zell/Pram;;;;;
8101820;Wien Zentralfriedhof S-Bahn;;;;;
8101821;Ziegelhaiden;;;;;
8101822;Ziersdorf;;;;;
8101823;Zissersdorf b.Geras;;;;;
8101825;Zeiselmauer-Königstetten;;;;;
8101826;Zöbing/Kamp;;;;;
8101828;Zitoll;;;;;
8101829;Zurndorf;;;;;
8101832;Bruckberg im Pinzgau Golfplatz;;;;;
8101833;Diensthubersiedlung;;;;;
8101834;Eiferding;;;;;
8101836;Frojach-Katschtal;;;;;
8101837;Grünbach am Schneeberg Schule;;;;;
8101838;Gschwandt b.Gmunden Schule;;;;;
8101839;Hagendorf im Murtal;;;;;
8101840;Schüttdorf Kitzsteinhornstraße;;;;;
8101841;Mühling-Plaika;;;;;
8101842;Murau St.Leonhard;;;;;
8101843;Murau West;;;;;
8101844;Prambachkirchen-Bad Weinberg;;;;;
8101845;St.Pölten Porschestraße;;;;;
8101847;Predlitz Pichl;;;;;
8101848;Piesendorf Bad;;;;;
8101849;Bad Wimsbach Steinfeld;;;;;
8101851;Sölling b.Purgstall;;;;;
8101852;Schauersberg;;;;;
8101853;Wien Speising;;;;;
8101854;Tamsweg St.Leonhard;;;;;
8101855;Unterhillinglah;;;;;
8101856;Vorchdorf Schule (Bahnhst);;;;;
8101857;Wilfling;;;;;
8101858;Pernitz Wipfelhofstraße;;;;;
8101860;Waidhofen/Ybbs Schillerpark;;;;;
8101861;Zellermoos;;;;;
8101863;Altenhof am Kamp;;;;;
8101870;Stallegg;;;;;
8101871;Mannswörth;;;;;
8101874;Oberndorf b.Salzburg Stadt;;;;;
8101877;Puch b.Villach;;;;;
8101898;Forst FL, Hilti;;;;;
8101906;Straßham Wehrgasse;;;;;
8101907;Bregenz Hafen (Schiffstation);;;;;
8101908;Weinburg/Pielach;;;;;
8101909;Burk;;;;;
8101912;Reutte in Tirol Schulzentrum;;;;;
8101913;Arnsdorf b.Lamprechtshausen;;;;;
8101916;Riedersbach;;;;;
8101917;Salzburg Süd;;;;;
8101918;Kaindorf/Sulm;;;;;
8101920;Feistritz im Rosental West;;;;;
8101921;Gmünd NÖ Staatsgrenze (Tarifpunkt);;;;;
8101922;Spielfeld Staatsgrenze (Tarifpunkt);;;;;
8101934;Wien Handelskai (Bahnsteige 1-2);;;;;
8101935;Hart-Wörth;;;;;
8101937;Wien Spittelau;;;;;
8101938;Wandritsch;;;;;
8101939;Wallersbach b.Unzmarkt;;;;;
8101940;Weizelsdorf Ort;;;;;
8101941;Hessendorf b.Geras Anglerparadies;;;;;
8101942;Bleiburg Staatsgrenze (Tarifpunkt);;;;;
8101944;Karl z'Neuhub;;;;;
8101945;Tauplitz Schiflugschanze Kulm;;;;;
8101946;Wels Messe;;;;;
8101947;Wien Handelskai (Bahnsteige 11-12);;;;;
8101948;St.Pölten Alpenbahnhof (Mariazeller Bahn);;;;;
8101950;Bregenz Hafen;;;;;
8101951;Ladinach;;;;;
8101952;Unterretzbach Staatsgrenze (Tarifpunkt);;;;;
8101955;Achleitnersiedlung;;;;;
8101956;Kirnberg b.Eferding;;;;;
8101957;Eggenberg b.Vorchdorf Schloss;;;;;
8101972;Bichlbach Almkopfbahn;;;;;
8101973;Rothengrub;;;;;
8101974;Markt Piesting Harzwerk;;;;;
8101975;Pernitz Raimundviertel;;;;;
8101988;Waldegg-Dürnbach;;;;;
8101989;Krems/Donau Campus-Kunstmeile;;;;;
8101990;St.Pölten Traisenpark;;;;;
8102006;Oberalm;;;;;
8102007;Mistelbach/Zaya Stadt;;;;;
8102009;Lengau;;;;;
8102010;Jesdorf-Bergfried;;;;;
8102011;Steinach im Pinzgau;;;;;
8102012;Neukirchen am Großvenediger Vorstadl;;;;;
8102015;Mattersburg Nord;;;;;
8102016;Perg Schulzentrum;;;;;
8102017;Wr.Neustadt Anemonensee;;;;;
8102019;Graz Stadion Liebenau;;;;;
8102020;Breitensee b.Gmünd Kinderwerkstatt;;;;;
8102021;Brand b.Litschau;;;;;
8102022;Altnagelberg Herrenhaus;;;;;
8102023;Altnagelberg Fa.Ergo;;;;;
8102024;Kleinpertholz b.Heidenreichstein;;;;;
8102025;Schüttdorf b.Zell Areitbahn;;;;;
8102026;Stetten b.Korneuburg Fossilienwelt;;;;;
8102027;Mollmannsdorf;;;;;
8102028;Ernstbrunn;;;;;
8102029;Uggl-Schwarzenbach;;;;;
8102030;Uttendorf im Pinzgau Manlitzbrücke;;;;;
8102042;Lienz in Osttirol Peggetz;;;;;
8102043;Vorchdorf Gewerbegebiet;;;;;
8102044;Laimach Regionalmuseum;;;;;
8102045;Salzburg Taxham Europark;;;;;
8102046;Asten-Fisching;;;;;
8102047;Kuchl Garnei;;;;;
8102048;Salzburg Aiglhof;;;;;
8102049;Hallein Burgfried;;;;;
8102050;Hart b.Graz;;;;;
8102051;Hengsberg;;;;;
8102052;Salzburg Mülln-Altstadt;;;;;
8102053;Oberhofen im Inntal;;;;;
8102054;Puch b.Hallein Urstein;;;;;
8102055;Salzburg Sam;;;;;
8102056;Unterretzbach;;;;;
8102057;Wien Wolf in der Au;;;;;
8102058;Wöllersdorf/Piesting Marchgraben;;;;;
8102059;Tullnerfeld;;;;;
8102060;Maurach/Achensee Mitte;;;;;
8102062;Straßwalchen West;;;;;
8102063;Salzburg Liefering;;;;;
8102065;Diepoltsdorf;;;;;
8102066;Kledt;;;;;
8102067;Ostermiething;;;;;
8102190;Stuhlfelden Siedlung;;;;;
8102191;Mittersill Essiger;;;;;
8102601;Heidenreichstein Moormuseum;;;;;
8103000;Wien Hbf;;;;;
8103174;Feldkirchen-Seiersberg;;;;;
8103487;Graz Liebenau Murpark;;;;;
8103490;Graz Don Bosco;;;;;
8103644;Klagenfurt West;;;;;
8103842;Klagenfurt Süd;;;;;
8104229;Wien Stadlau;;;;;
8106399;St.Lorenzen ob Murau Ost;;;;;
8114529;Neunagelberg;;;;;
8117109;Heidenreichstein;;;;;
8117345;Weiz Interspar;;;;;
8128381;Aalfang;;;;;
8133912;Schönau b.Litschau Dorfwirt;;;;;
8135419;Pabing am Haunsberg;;;;;
8135785;Angererbach-Ahrnbach;;;;;
8136306;Langegg b.Schrems;;;;;
8151894;Gmunden Seebahnhof;;;;;
8153718;Hirschwang an der Rax;;;;;
8156718;Payerbach-Reichenau (Lokalbahn);;;;;
8161697;Reichenau an der Rax Haaberg;;;;;
8162092;Wildshut Gut Wildshut;;;;;
8165233;Reichenau an der Rax;;;;;
8167958;Hollersbach im Pinzgau Panoramabahn;;;;;
8169949;Altnagelberg;;;;;
8172379;Kreischberg Talstation;;;;;
8175848;Gmunden Lembergweg;;;;;
8182347;Reichenau an der Rax Kurhaus;;;;;
8195426;Litschau;;;;;
8198129;Gmünd NÖ (Waldviertelbahn);;;;;
8198353;Flughafen Wien (CAT);;;;;
8198449;Wien Mitte-Landstraße (CAT);;;;;