"Verkehrsstation","BST Code"
"Abfaltersbach","Abf H1"
"Absdorf-Hippersdorf","Ah"
"Achau","Ach"
"Achenlohe","Nst H4H"
"Achleitnersiedlung","Puw H1A"
"Admont","Ad"
"Aich im Jauntal","Spa H3"
"Aich-Assach","Grb H2"
"Aigen-Schlägl","Ai"
"Aisthofen","P   H1"
"Allentsteig","All"
"Allerheiligenhöfe","Ih  H1"
"Allerheiligen-Mürzhofen","Ki  H1"
"Altach","Got H1"
"Altenhof","Plk H1"
"Altenmarkt im Pongau","Rad K1"
"Altenstadt","Fk  H1N"
"Altmünster am Traunsee","Er"
"Amstetten","Ams"
"Andorf","Af"
"Angern","Ag"
"Annenheim","Saf H1"
"Ansfelden","T   H1"
"Antiesenhofen","Ant"
"Arbing","Arb"
"Ardning","Ar"
"Arnoldstein","Dr"
"Aschbach Haltestelle","Ams H2"
"Aspang","Ap"
"Asten-Fisching","Ens H1"
"Attnang-Puchheim","At"
"Atzenbrugg","Tfd H2"
"Aurachkirchen","Ak"
"Aurolzmünster","Rd  H2M"
"Ausschlag-Zöbern","Auz"
"Bad Aussee","Au"
"Bad Blumau","Seb H3"
"Bad Deutsch Altenburg","Bde"
"Bad Erlach","Ela"
"Bad Fischau","Fwa H1"
"Bad Fischau-Brunn","Fib"
"Bad Gastein","Bag"
"Bad Goisern","Stg H1"
"Bad Hofgastein","Hg"
"Bad Ischl","Il"
"Bad Mitterndorf","Bam"
"Bad Mitterndorf-Heilbrunn","Bam H1"
"Bad Radkersburg","Ra"
"Bad Ried","Rd  H1M"
"Bad Sauerbrunn","Sau"
"Bad Schallerbach-Wallern","Wa"
"Bad Vigaun","Hl  H2A"
"Bad Vöslau","Bvs"
"Bad Waltersdorf","Seb H1"
"Baden","Bf  H1"
"Baumgartenberg","Bb"
"Berg im Drautal","De  H1"
"Bergern","Otg H1"
"Berndorf Fabrik","Tf"
"Berndorf Stadt","Tf  H1"
"Bernhardsthal","Beh"
"Bichlbach-Almkopfbahn","Bch H1H"
"Bichlbach-Berwang","Bch"
"Bierbaum","Bib"
"Bisamberg","F   H3S"
"Bischofshofen","Bo"
"Bleiburg","Ble"
"Bleiburg Stadt","Spa K1"
"Blindenmarkt","Kar H2"
"Bludenz","B"
"Böckstein","Bs"
"Böheimkirchen","Bh"
"Böhlerwerk a.d.Ybbs","Hk  H3"
"Braunau am Inn","Bru"
"Bregenz","Bg"
"Bregenz Hafen","Bg  H1"
"Breitenbrunn","Pur H1H"
"Breiteneich bei Horn","Sh  H1H"
"Breitenschützing","Bre"
"Breitensee N.Ö.","Sfl H1"
"Breitenstein","Bt"
"Breitenwaida","Gr  H1"
"Brixen im Thale","Kit H1"
"Brixlegg","Bri"
"Bruck a.d.Leitha","Bl"
"Bruck a.d.Mur","Bm"
"Bruck-Fusch","Brf"
"Brunn a.d.Pitten","Ela H1"
"Brunn an der Schneebergbahn","Fib H1"
"Brunn-Maria Enzersdorf","Bu"
"Buchberg","Gas H1"
"Dechantskirchen","Fd  H1H"
"Dellach im Drautal","De"
"Deutsch Wagram","Wg"
"Deutschkreutz","Dk"
"Diensthubersiedlung","Voi H3"
"Dietrichshofen","Ant H1"
"Dölsach","Doe"
"Donnerskirchen","Sag H2"
"Dorf a.d.Enns","Ern H1"
"Dorfgastein","Dg"
"Dornach","Gbk H1"
"Dornbirn","Do"
"Dornbirn-Schoren","Hos H2"
"Dreistetten","Pie H1"
"Drösing","Drg"
"Dürnbach","Lf  H1"
"Dürnberg","Puw H1"
"Dürnkrut","Due"
"Dürrwien","Pm  H2"
"Eben im Pongau","Ebn"
"Ebenfurth","Ef"
"Ebensee","En"
"Ebensee Landungsplatz","En  H1"
"Eberschwang","Otg H4"
"Ebreichsdorf","Ebr"
"Edlitz-Grimmenstein","Edl"
"Eggenburg","Egg"
"Ehrenhausen","Rzn H1"
"Ehrwald-Zugspitzbahn","Eh"
"Eichberg","Eib"
"Eichgraben-Altlengbach","Rw  H1"
"Eisenstadt","E"
"Eisenstadt Schule","Esu"
"Elsbethen","Aj  H2"
"Emmersdorf","Noe H1"
"Enns","Ens"
"Ennsdorf","Sv  H1"
"Enzersdorf bei Staatz","Enz"
"Enzesfeld-Lindabrunn","Ez"
"Erlauf","Erf"
"Ernsthofen","Ern"
"Eschenau","Ld  H1"
"Etsdorf-Straß","Edo"
"Eugendorf","See H1"
"Faak am See","Fas"
"Fehring","Feg"
"Feldbach","Fb"
"Feldkirch","Fk"
"Feldkirch-Amberg","Fk  H1"
"Feldkirchen in Kärnten","Fel"
"Feldkirchen-Seiersberg","Pu  H1A"
"Felixdorf","Fld"
"Fels","Fs"
"Fentsch-St.Lorenzen","Fes"
"Ferndorf","Ro  H1"
"Feuerwerksanstalt","Fwa"
"Fieberbrunn","Hch H2"
"Finkenstein","Vu  H2"
"Fischamend","Fam"
"Flaurling","Zl  K1"
"Flughafen Graz Feldkirchen","Pu  H1"
"Flughafen Wien","Fws"
"Föderlach","Foe"
"Forst Hilti","Nd  H1"
"Franckstraße","Lfs"
"Frankenmarkt","Fm"
"Frastanz","Fa"
"Frättingsdorf","Ft"
"Freistadt","Fr"
"Friedberg","Fd"
"Friedburg","Nsf"
"Friesach","Fi"
"Fritzens-Wattens","Fw"
"Frohnleiten","Fro"
"Fürnitz","Fn"
"Fürstenfeld","Fue"
"Furth","Mho H1"
"Furth-Göttweig","Fh  H1"
"Furth-Palt","Fh"
"Gaflenz","Ob  H2"
"Gaisbach-Wartberg","Ga"
"Gaishorn","Gai"
"Gaisruck","Hui H1"
"Gänserndorf","Gae"
"Garsten","Gst"
"Gars-Thunau","Gas"
"Gattendorf","Gtt"
"Gedersdorf","Hfa H1H"
"Geinberg","Gur H1"
"Geiselbergstraße","Sah H1"
"Gemeinlebarn","Mos H3"
"Gerasdorf","Gef"
"Gerling im Pinzgau","Z   H1"
"Gerling OÖ","Rog H2"
"Gersthof","Ht  H3"
"Getzersdorf","Tra H1"
"Gießenbach","Set K1"
"Gisingen","Fk  H2N"
"Glandorf","Vps H1"
"Glanegg","Gla"
"Gleisdorf","Gld"
"Gleißenfeld","Ses H1"
"Glinzendorf","Raf H1"
"Gloggnitz","Glo"
"Gmünd N.Ö.","Gm"
"Gmunden","Gz"
"Gniebing","Stu H2"
"Gobelsburg","Lis H1"
"Gödersdorf","Vu  H1"
"Goisern Jodschwefelbad","Gj"
"Göllersdorf","Gr"
"Golling-Abtenau","Gg"
"Göpfritz","Gf"
"Gopperding","Ant H3"
"Görtschach-Förolach","Ssv H1"
"Gosdorf","Gof"
"Götzendorf","Goe"
"Götzis","Got"
"Grafendorf","Gd"
"Grafenstein","Gra"
"Gramatneusiedl","Gn"
"Granitztal","Spa H2"
"Gratwein-Gratkorn","Gw"
"Graz Don Bosco","Gdb"
"Graz Hbf","G"
"Graz Liebenau-Murpark","Gob H1"
"Graz Ostbf-Messe","Gob"
"Graz Puntigam","Pu"
"Greifenburg-Weißensee","Gre"
"Greifenstein-Altenberg","Kz  H2"
"Grein Stadt","Ges"
"Grein-Bad Kreuzen","Gbk"
"Greinsfurth","Ams H1U"
"Gries","Sti K1"
"Gries im Pinzgau","Ta  H1"
"Grieskirchen-Gallspach","Gk"
"Grieswirt","Hch H3"
"Gröbming","Grb"
"Groß Sierning","Sie"
"Groß Weikersdorf","Wk"
"Großendorf","Gdf"
"Großraming","Rei H2"
"Grünau im Almtal","Gue"
"Grünbach am Schneeberg","Gru"
"Grünbach Kohlenwerk","Gru H2"
"Grünbach Schule","Gru H1"
"Gstatterboden im Nationalpark","Gb"
"Gumpoldskirchen","Md  H2"
"Gunskirchen","Gun"
"Guntersdorf","Gud"
"Guntramsdorf-Kaiserau Haltestelle","Guk H1"
"Guntramsdorf-Thallern","Md  H1"
"Gurten","Gur"
"Gutenstein","Gt"
"Hadersdorf am Kamp","Hfa"
"Hagenau im Innkreis","Mig H1"
"Haiding","Had"
"Haiming","Siz H1"
"Hainburg a.d.Donau Kulturfabrik","Hai"
"Hainburg a.d.Donau Personenbf","Hai H1"
"Hainburg a.d.Donau Ungartor","Hai H2"
"Hainfeld","Hn"
"Halbenrain","Hal"
"Hall in Tirol","H"
"Hallein","Hl"
"Hallein Burgfried","Hl  H1A"
"Hallstatt","Oa  H1"
"Hall-Thaur","H   H1"
"Hallwang-Elixhausen","Hw"
"Handelskai","Nw  H2"
"Handelskai","Hak"
"Hard-Fussach","Hfu"
"Hart bei Graz","Mes H2"
"Hart im Innkreis","Mn  H1"
"Hartberg","Har"
"Haselstauden","Do  H1"
"Haslach","Hah"
"Haslau an der Donau","Hlu"
"Hatlerdorf","Hos H1"
"Hatting","Zl  H2"
"Hatzendorf","Sou H2"
"Haus","Hau"
"Hausleiten","Hui"
"Hausruck","Otg H3"
"Hautzendorf","Snb H1"
"Heinfels","Sil H1H"
"Heiterwang-Plansee","Bch H2H"
"Helmahof","Wg  H1"
"Hengsberg","Hen"
"Hennersdorf","Hnd"
"Hermagor","Her"
"Hernals","Hns"
"Herzogenburg","Ho"
"Herzogenburg Stadt","Tra H2"
"Herzogenburg-Wielandsthal","Stf H1"
"Herzograd","Sv  H1E"
"Hetzmannsdorf-Wullersdorf","Hm"
"Hieflau","Hi"
"Hilm-Kematen","Hk"
"Himberg","Him"
"Hinterstoder","Hst"
"Hirschbach","Vit H1"
"Hirtenberg","Ez  H1"
"Höbersdorf","Si  H1"
"Hochfilzen","Hch"
"Hochzirl","Hol"
"Höflein a.d.Donau","Kz  H1"
"Hofstatt","Hu  H3"
"Hohenau","Nh"
"Hohenbrugg a.d.Raab","Feg H1"
"Hohenems","Hos"
"Hollabrunn","Oh"
"Holzleithen","Otg H2"
"Hopfgarten","Hp"
"Hopfgarten Berglift","Kit H3"
"Hörersdorf","Mb  H3"
"Horn","Hna"
"Hörsching","Hoe"
"Hötzelsdorf-Geras","Hgr"
"Hüttau Ort","Hue H1"
"Hüttau Terminal","Hue"
"Iglmühle","Nef H2"
"Imsterberg","Im  H1"
"Imst-Pitztal","Im"
"Innsbruck Hbf","I"
"Innsbruck Hötting","Ih"
"Innsbruck Messe","H   H3"
"Innsbruck Westbf","Wt"
"Inzing","Zl  H1"
"Irnfritz","Irn"
"Irschen","Od  H1"
"Jedenspeigen","Due H1"
"Jedlersdorf","J"
"Jenbach","Jb"
"Jennersdorf","Jd"
"Johnsbach im Nationalpark","Gb  H1"
"Jois","Pur H3H"
"Judenburg","Jg"
"Judendorf-Straßengel","Gw  H1"
"Kaindorf a.d.Sulm","Wi  H2"
"Kainisch","Kai"
"Kaiserebersdorf","Kls"
"Kalsdorf","Kal"
"Kalwang","Kag"
"Kamegg","Hna H3"
"Kammern","Sei H1"
"Kammer-Schörfling","Kms"
"Kapellerfeld","Gef H1"
"Kapfenberg","Ka"
"Kapfenberg Fachhochschule","Mas H1H"
"Kappel am Krappfeld","Tr  H1"
"Kastenreith","Wey H1"
"Katsdorf","Lu  H1"
"Katzelsdorf","Nb  H1"
"Kefermarkt","Kf"
"Kematen in Tirol","Vl  H1"
"Kematen-Piberbach","Kek"
"Kimpling","Neu H1"
"Kindberg","Ki"
"Kirchberg am Wagram","Kch"
"Kirchberg in Tirol","Kit"
"Kirchbichl","Kir"
"Kirchdorf a.d.Krems","Kik"
"Kirchstetten","Krt"
"Kittsee","Ktt"
"Kitzbühel","Kzb"
"Kitzbühel Hahnenkamm","Kzb H1"
"Klagenfurt Annabichl","Mal H1"
"Klagenfurt Ebenthal","Gra H1"
"Klagenfurt Hbf","Kt"
"Klagenfurt Lend","Kt  H1"
"Klagenfurt Ostbf","Kto"
"Klagenfurt Süd","Kts"
"Klagenfurt West","Kt  H2"
"Klamm-Schottwien","Eib H1"
"Klaus","Kus"
"Klaus in Vorarlberg","Rk  H2"
"Kleblach-Lind","Kel"
"Kledering","Za"
"Kleinreifling","Kg"
"Kleinzell","Nen H1"
"Klosterneuburg-Kierling","Ken H1"
"Klosterneuburg-Weidling","Ken"
"Knittelfeld","Kd"
"Kolbnitz","Kl"
"Korneuburg","Ko"
"Köstendorf Weng","Nst H1"
"Kothmühle","Ssm H1"
"Kottingbrunn","Bvs H1"
"Kottingneusiedl","Enz H1"
"Köttmannsdorf Lambichl","Kt  H1A"
"Kranebitten","Ih  H2"
"Kraubath","Kra"
"Kreisbach","Trn H3"
"Krems a.d.Donau","Kr"
"Kremsmünster","Kre"
"Krenstetten-Biberbach","Ams H3"
"Krieglach","Ke"
"Kritzendorf","Kz"
"Kröllendorf","Ul  H1"
"Krottenbachstraße","Ht  H2"
"Krummnußbaum","Poe H1"
"Krumpendorf","Krd"
"Küb","Pr  H1"
"Kuchl","Hl  H5"
"Kuchl Garnei","Hl  H3"
"Kufstein","K"
"Kühnsdorf Klopeiner See","Khd"
"Kumpfmühl","Neu H2"
"Küpfern Haltestelle","Rei H3"
"Laa a.d.Thaya","Laa"
"Lacken","Rog H1"
"Ladendorf","Ldf"
"Lähn","Ler H1"
"Lahrndorf","Lf"
"Lambach","La"
"Lambach Markt","La  H1"
"Landeck-Zams","Le"
"Langen am Arlberg","Lan"
"Langenlebarn","Aw  H3"
"Langenlois","Lis"
"Langenwang","Mz  H2"
"Langenzersdorf","F   H2S"
"Langkampfen","K   H2"
"Lanzendorf-Rannersdorf","Zs"
"Lanzenkirchen","Kw"
"Lasberg-St.Oswald","Kf  H1"
"Laßnitzhöhe","Lah"
"Laßnitzthal","Laz"
"Lauffen","Gj  H1"
"Launsdorf-Hochosterwitz","Lad"
"Lauterach","Lat"
"Lauterach Unterfeld","Lwa"
"Laxenburg-Biedermannsdorf","Lx"
"Lebring","Wi  H1"
"Ledenitzen","Fas H1"
"Lehen-Altensam","At  H1"
"Leibnitz","Lei"
"Leithen","Hol H1"
"Lend","Ld"
"Lendorf","Ssn H1"
"Lengau","Nst H2H"
"Lenzing","Lng"
"Lenzing Ort","Lng H1"
"Leoben Hbf","Leb"
"Leoben Lerchenfeld","Ni  H1"
"Leobendorf-Burg Kreuzenstein","Ko  H1"
"Leobersdorf","Lb"
"Leogang","Saa H2"
"Leogang-Steinberge","Saa H1"
"Leonding","Lz  H1"
"Leopoldau","Lp"
"Lermoos","Ler"
"Lichendorf","Sd  H2"
"Liebenfels Haltestelle","Vs  H2"
"Lienz","Lie"
"Lienz-Peggetz","Lie H1"
"Liesing","Lg"
"Liezen","Ln"
"Lilienfeld","Lil"
"Lilienfeld Krankenhaus","Shr H1"
"Limberg-Maissau","Lim"
"Lind-Rosegg","Vel H1"
"Linz Ebelsberg","Ast H2"
"Linz Hbf","Lz"
"Linz Oed","Lz  H1W"
"Linz Pichling","Ast H1"
"Linz Urfahr","Uf"
"Linz Wegscheid","Wd"
"Lochau-Hörbranz","Lc"
"Lödersdorf","Fb  H1"
"Loipersbach-Schattendorf","Ls"
"Loosdorf","Los"
"Losenstein","Lon"
"Ludesch","Lt"
"Lungitz","Lu"
"Lustenau","Us"
"Maishofen-Saalbach","Z   K1"
"Mallnitz-Obervellach","Ma"
"Mandling","Mdg"
"Mannswörth","Msw"
"Marchegg","Mac"
"Marchtrenk","Mak"
"Maria Anzbach","Hu  H2"
"Maria Ellend","Mae"
"Maria Lanzendorf","Mar"
"Maria Rain","Mrn"
"Maria Saal","Mal"
"Mariahof-St.Lambrecht","Mah"
"Markersdorf a.d.Pielach","Pd  H1"
"Markt Paternion","Ro  H2"
"Markt Sachsenburg","Kel H1"
"Marktl","Lil H1"
"Marz-Rohrbach","Mr  H1"
"Matrei","Mei"
"Mattersburg","Mr"
"Mattersburg Nord","Sau H2"
"Mattighofen","Mho"
"Mauerkirchen","Mau"
"Mauer-Öhling","Ams H1"
"Mautbrücken","Gla H1"
"Mautern","Mu"
"Mauthausen","Mh"
"Melk","Los H1"
"Micheldorf","Mid"
"Micheldorf-Hirt","Fi  H1"
"Michelhausen","Tfd H1"
"Miesenbach-Waidmannsfeld","Oed H1"
"Mining","Mig"
"Mistelbach","Mb"
"Mistelbach Stadt","Mb  H1H"
"Mitterberghütten","Bo  H1"
"Mitterdorf-Veitsch","Mv"
"Mittewald a.d.Drau","Abf K1"
"Mittlern","Ble H2"
"Mixnitz-Bärenschützklamm","Mx"
"Mödling","Md"
"Mogersdorf","Mog"
"Möllbrücke-Sachsenburg","Ssn"
"Möllersdorf Aspangbahn","Guk H2"
"Moosbierbaum-Heiligeneich","Mos"
"Mötz","Sts H1"
"Muckendorf-Wipfing","Aw  H2"
"Mühldorf-Möllbrücke","Kl  H1"
"Mühlheim","Ath H1"
"Mühling","Wie H1"
"Mühling-Plaika","Wie H2"
"Münchendorf","Mue"
"Munderfing","Mun"
"Münster-Wiesing","Bri H1"
"Mureck","Mug"
"Mürzzuschlag","Mz"
"Musau","Rt  H2"
"Nendeln","Nd"
"Nenzing","Lt  K1"
"Nettingsdorf","Net"
"Neubau-Kreuzstetten","N"
"Neudorf","Par H1"
"Neudörfl","Nel"
"Neufelden","Nef"
"Neuhaus a.d.Gail","Fn  H1"
"Neuhaus-Niederwaldkirchen","Nen"
"Neuhofen a.d.Krems","Nkr"
"Neukirchen bei Lambach","La  H2"
"Neukirchen-Gampern","Tm  H1"
"Neulengbach","Nl"
"Neulengbach Stadt","Hu  H4"
"Neumarkt a.d.Y-Karlsbach","Kar H1"
"Neumarkt am Wallersee","Nsk"
"Neumarkt in Steiermark","Nes"
"Neumarkt-Kallham","Neu"
"Neunkirchen N.Ö.","Nek"
"Neuratting","Rd  H3"
"Neusiedl am See","Ns"
"Nickelsdorf","Nif"
"Niederkreuzstetten","Snb H2"
"Niedernfritz-St.Martin","Ebn H1"
"Niederöblarn","Mag H1"
"Niklasdorf","Ni"
"Nikolsdorf","Doe H1"
"Nöstlbach-St.Marien","Net H1"
"Nötsch","Noe"
"Nußbach","Wak H1"
"Nußdorf","Nf"
"Nüziders","B   H1"
"Ober Olberndorf","Su  H1"
"Ober Piesting","Op"
"Ober Radlberg","Ho  H1"
"Ober Waltersdorf","Ti  H1"
"Oberalm","Aj  H5"
"Oberbrunn","Otg H5"
"Oberdrauburg","Od"
"Obereggendorf","Ed"
"Oberhart","Sth H1"
"Oberhofen im Inntal","Zl  H3"
"Oberhofen-Zell am Moos","Edb H1"
"Oberland Haltestelle","Ob  H1H"
"Obernberg-Altheim","Ath"
"Oberndorf in Tirol","Jti H1"
"Obersdorf Haltestelle","Gef H3"
"Obersee","Oa  H2"
"Oberthalheim-Timelkam","Vk  H1"
"Obertrattnach-M Hofk","Gk  H1"
"Obertraun-Dachsteinhöhlen","Oa"
"Obertraun-Koppenbrüllerhöhle","Au  H1"
"Oberweiden","On"
"Öblarn","Oeb"
"Oed","Oed"
"Oepping","Oep"
"Oftering","Hoe H1"
"Ollersbach","Nl  H1"
"Ortmann","Ort"
"Ossiach-Bodensdorf","Oi"
"Ottakring","Ok"
"Ottensheim","Ott"
"Ottnang-Wolfsegg","Otg"
"Ötztal","Oz"
"Paasdorf","Ldf H1"
"Pama","Gtt H1"
"Parndorf","Par"
"Parndorf Ort","Apo H1"
"Pasching","Lz  H2"
"Passering","Tr  H2"
"Paternion-Feistritz Haltestelle","Pf  H1"
"Patsch","I   H2"
"Paudorf","Pau"
"Payerbach-Reichenau","Pr"
"Peggau-Deutschfeistritz","Pg"
"Perchtoldsdorf","Lg  H1"
"Perg","P"
"Perg Schulzentrum","Arb H1"
"Pernegg","Pn"
"Pernitz Raimundviertel","Pem H1"
"Pernitz Wipfelhofstraße","Ort H1"
"Pernitz-Muggendorf","Pem"
"Petersbaumgarten","Sgk H1"
"Peterskirchen","Pra H2"
"Petronell-Carnuntum","Pet"
"Pettenbach","Peb"
"Petzenkirchen","Erf H1"
"Pfaffenschwendt","Hch H1"
"Pfaffstätten","Bf"
"Pfarrwerfen","Rf  H1"
"Pfennigbach","Gru H3"
"Pflach","Rt  H1"
"Pichl","Pic"
"Piesting","Pie"
"Piesting Harzwerk","Woe H2"
"Pill-Vomperbach","Sw  H1H"
"Pinggau Markt","Tau H1"
"Pinsdorf","Gz  H1"
"Pitten","Ptt"
"Plank am Kamp","Plk"
"Platt","Gud H1"
"Pöchlarn","Poe"
"Pöckau","Vw  H1"
"Pöham","Ph"
"Pöndorf","Fm  H1"
"Pörtschach am Wörthersee","Pow"
"Pottenbrunn","Wgm"
"Pottendorf-Landegg","Wp  H1"
"Pottenstein a.d.Triesting","Pt"
"Pottschach","Tn  H1"
"Pram-Haag","Pra"
"Pregarten","Pre"
"Pressbaum","Pm  H1"
"Pressegger See","Ssv H2"
"Prinzersdorf","Pd"
"Pritschitz","Krd H1"
"Pruggern","Grb H1"
"Puch","Pf  H3"
"Puch bei Hallein","Aj  H4"
"Puch Urstein","Aj  H3A"
"Puchberg am Schneeberg","Pub"
"Puchenau","Uf  H1"
"Puchenau West","Puw"
"Pulgarn","Sy  H1"
"Purbach am Neusiedlersee","Pur"
"Pürbach-Schrems","Pue"
"Pürgg","Rg  H1K"
"Purgstall","Pus"
"Purkersdorf Sanatorium","Hf  H4"
"Purkersdorf Zentrum","Upz"
"Purkla","Gof H3"
"Pusarnitz","Uz"
"Raaba","Mes H1"
"Raasdorf","Raf"
"Rabensburg","Nh  H1"
"Radstadt","Rad"
"Rainfeld-Klein Zell","Ror H1"
"Ramingdorf-Haidershofen","Rh"
"Rankweil","Rk"
"Rattenberg-Kramsach","Rdf H1"
"Redl-Zipf","Rz"
"Regelsbrunn","Reg"
"Reichraming","Rei"
"Reith","Re"
"Rekawinkel","Rw"
"Rennweg","Ren"
"Retz","R"
"Reutte in Tirol","Rt"
"Reutte in Tirol Schulzentrum","Bch H4"
"Ried im Innkreis","Rd"
"Riedau","Ri"
"Riedenburg","Lat H1"
"Rietz","Ts  H1"
"Rohr","Stu H1"
"Rohrbach a.d.Gölsen","Ror"
"Rohrbach-Berg","Rob"
"Rohrbach-Vorau","Rv  H1"
"Rohr-Bad Hall","Rr"
"Rohrendorf","Hfa H1"
"Roppen","Rop"
"Rosenau","Hk  H1"
"Rosenbach","Rn"
"Rosenburg","Hna H1"
"Roßleithen","Piv H1"
"Rothengrub","Wil H1A"
"Rothenthurn","Ro"
"Rottenegg","Rog"
"Rum","H   H2"
"Saalfelden","Saa"
"Saffen","Pus H2"
"Salzburg Aigen","Aj"
"Salzburg Aiglhof","Sba"
"Salzburg Gnigl","Sr  H1"
"Salzburg Hbf","Sb"
"Salzburg Kasern","Hw  H1"
"Salzburg Liefering","Lfg"
"Salzburg Mülln-Altstadt","Sbj"
"Salzburg Parsch","Sr  H2"
"Salzburg Sam","Sbm H1"
"Salzburg Süd","Aj  H1"
"Salzburg Taxham Europark","Sbe"
"Sarasdorf","Goe H1"
"Sattendorf","Saf"
"Sattledt","Sad"
"Säusenstein","Poe H2"
"Sautern-Schiltern","Ptt H1"
"Saxen","Ax"
"Schaan-Vaduz","Nd  H1H"
"Schaftenau","K   H1"
"Schalchen-Mattighofen","Mun H1"
"Schärding","Sch"
"Scharnitz","Snz"
"Scharnstein-Mühldorf","Ssm"
"Schauboden","Wie H3"
"Schauersberg","Scb"
"Scheibbs","Sbs"
"Scheiblingkirchen-Warth","Sgk"
"Scheifling","Sf"
"Schiflugschanze Kulm","Ku  H1"
"Schladming","Sdg"
"Schlägl","Oep H1"
"Schleinbach","Snb"
"Schlierbach","Srb"
"Schlins-Beschling","Lt  H2"
"Schlöglmühl","Glo H1"
"Schloß Haus","Ga  H1"
"Schlüßlberg","Wa  H1"
"Schönberg am Kamp","Sbk"
"Schönborn-Mallebarn","Si  H2"
"Schönfeld-Lassee","Sfl"
"Schönwies","Ss"
"Schrambach","Shr"
"Schützen am Gebirge","Sag"
"Schützen Haltestelle","Sag H1"
"Schwanenstadt","Sas"
"Schwarza","Sd  H1"
"Schwarzach in Vorarlberg","Do  H2"
"Schwarzach-St.Veit","Swa"
"Schwarzenau","Swu"
"Schwarzsee","Kzb H2"
"Schwaz","Sw"
"Schwechat","Gs"
"Schwertberg","Swb"
"Sebersdorf","Seb"
"Seebenstein","Ses"
"Seefeld in Tirol","Set"
"Seekirchen am Wallersee","See"
"Selzthal","Sl"
"Semmering","Sem"
"Seyring","Gef H2"
"Siebenbrunn-Leopoldsdorf","Sbl"
"Siebenhirten","Mb  H2H"
"Siebenmühlen-Rosenau","Lng H2"
"Siemensstraße","F   H1"
"Sierndorf","Si"
"Sierndorf a.d.March","Due H2"
"Sigmundsherberg","Sh"
"Silberwald","Str H1"
"Sillian","Sil"
"Silz","Siz"
"Sitzenberg-Reidling","Mos H2H"
"Söchau","Sou"
"Sollenau","Lb  H1"
"Sölling","Pus H1"
"Sonntagberg","Hk  H2"
"Spielberg","Kd  H1"
"Spielfeld-Straß","Sd"
"Spillern","Ko  H2"
"Spital am Pyhrn","Spi"
"Spital am Semmering","Sps"
"Spittal-Millstättersee","Stt"
"St. Paul im Lavanttal","Lav"
"St. Pölten Bildungscampus","Spr H3"
"St.Andrä im Lavanttal","An"
"St.Andrä-Wördern","Aw"
"St.Anton am Arlberg","Ao"
"St.Egyden","Nb  H1S"
"St.Georgen a.d.Gusen","Sge"
"St.Georgen a.d.Gusen Ort","Sge H1"
"St.Georgen a.d.Mattig","Mau H1"
"St.Georgen am Längsee","Lad H1"
"St.Georgen am Steinfelde","Wm  H1"
"St.Georgen ob Judenburg","Tel H1"
"St.Jodok","Sti H1"
"St.Johann i.d.Haide","Gd  H1"
"St.Johann im Pongau","Jp"
"St.Johann in Tirol","Jti"
"St.Johann-Weistrach","Spw H1"
"St.Marein-St.Lorenzen","Mas"
"St.Martin bei Traun","Wd  H1"
"St.Martin im Innkreis","Mn"
"St.Martin-Sittich","Sms"
"St.Michael","M"
"St.Michael ob Bleiburg","Ble H1"
"St.Nikola-Struden","Nk"
"St.Pantaleon","Mh  H1"
"St.Paul","Spa"
"St.Paul Bad","Spa H1"
"St.Peter-Seitenstetten","Sp"
"St.Pölten Hbf","Pb"
"St.Pölten Traisenpark","Vn  H1"
"St.Pölten-Kaiserwald","Pl"
"St.Pölten-Porschestraße","Spr H2"
"St.Stefan im Lavanttal","Ssl"
"St.Stefan-Vorderberg","Ssv"
"St.Urban am Ossiachersee","Oi  H1"
"St.Valentin","Sv"
"St.Veit a.d.Glan","Vps"
"St.Veit a.d.Glan-West","Vs"
"St.Veit a.d.Gölsen","Ror H2"
"St.Veit a.d.Triesting","Ez  H2"
"Staatz","Enz K1"
"Stadl-Paura","Stp"
"Stadt Haag","Spw H2"
"Stadt Rottenmann","Rm  H1"
"Stadt Waidhofen a.d.Ybbs","Wh  H1"
"Stainach-Irdning","Rg"
"Stallegg","Hna H2"
"Stams","Sts"
"Stans","Sns H1"
"Statzendorf","Stf"
"Steeg-Gosau","Stg"
"Stein a.d.Enns","Oeb H1"
"Steinach in Tirol","Sti"
"Steinbachbrücke","Sbb"
"Steindorf am Ossiachersee","Sos"
"Steindorf bei Straßwalchen","Nst"
"Steinfeld im Drautal","Std"
"Steinhaus","Sem H1"
"Steinhaus bei Wels","Sth"
"Steinkogel","Law H2"
"Steyr","Stb"
"Steyr Münichholz","Sbw H1"
"Steyregg","Sy"
"Steyrling","Sng"
"Stiefern","Plk H2"
"Stillfried","Ag  H1"
"Stockerau","Su"
"Strasshof Haltestelle","Shf"
"Straßwalchen","Stw"
"Straßwalchen West","Nsw"
"Stübing","Pg  H1"
"Studenzen-Fladnitz","Stu"
"Suben","Ant H2"
"Sulz-Röthis","Rk  H1"
"Summerau","Smr"
"Tainach-Stein","Tas"
"Takern-St.Margarethen","Tak"
"Tallesbrunn","Gae H2"
"Tassenbach","Sil H2"
"Tattendorf","Tat"
"Tauchendorf-Haidensee","Lif H1"
"Tauchen-Schaueregg","Tau"
"Taufkirchen a d Pram","Tp"
"Tauplitz","Ku"
"Taxenbach-Rauris","Ta"
"Teesdorf","Tat H1"
"Teichstätt","Nst H3H"
"Telfs-Pfaffenhofen","Ts"
"Tenneck","Gg  K2"
"Terfens-Weer","Sw  H2"
"Ternberg","Te"
"Ternitz","Tn"
"Thal","Tl"
"Thalheim-Pöls","Tel"
"Theresienfeld","Fld H1"
"Thörl-Maglern","Th"
"Tiffen","Fel H1"
"Timelkam","Tm"
"Tisis","To  H1"
"Töschling","Pow H1"
"Traisen","Trn"
"Traisen Markt","Lil H2"
"Traiskirchen Aspangbahn","Ti"
"Traismauer","Tra"
"Trasdorf","Mos H1"
"Trattenbach","Te  H1"
"Traun","T"
"Traunkirchen","Tk"
"Traunkirchen Ort","En  H2"
"Trautmannsdorf a.d.L.","Goe H1A"
"Traxenbichl","Tx"
"Treibach-Althofen","Tr"
"Trieben","Tb"
"Trumau","Ti  K1"
"Tulln an der Donau","Tu"
"Tulln Stadt","Tus"
"Tullnerbach-Pressbaum","Pm"
"Tullnerfeld","Tfd"
"Übersbach","Fue H1"
"Ulmerfeld-Hausmening","Ul"
"Ulrichsbrücke-Füssen","Rt  H3"
"Ulrichskirchen","Wol H1"
"Unter Höflein","Wil H1"
"Unter Oberndorf","Hu  H1"
"Unter Purkersdorf","Up"
"Unter Radlberg","Hor"
"Unter Tullnerbach","Up  H2"
"Unterberg-Stefansbrücke","I   H1"
"Untereggendorf","Ef  H1"
"Unterhart","Uh"
"Unterkritzendorf","Ken H2"
"Unterretzbach","R   H1H"
"Untersiebenbrunn","Sbl H1"
"Unzmarkt","Um"
"Urschendorf","Wz  H1"
"Uttendorf-Helpfau","Mho H2"
"Velden am Wörthersee","Vel"
"Vellach-Khünburg","Ssv H3"
"Viechtwang","Viw"
"Viehofen","Vn"
"Vienna Biocenter-St.Marx","Nw  H1H"
"Villach Hbf","Vb"
"Villach Hbf-Autoverladestelle","Vba"
"Villach Landskron","Ru  H1"
"Villach Seebach","Foe H1"
"Villach St.Ruprecht","Ru"
"Villach Warmbad","Vf  H1"
"Villach Westbf","Vf"
"Vils Stadt","Vi  H1A"
"Vitis","Vit"
"Vöcklabruck","Vk"
"Vöcklamarkt","Vm"
"Voitsdorf","Voi"
"Volders-Baumkirchen","Fw  H1"
"Völkermarkt-Kühnsdorf","Vok"
"Völs","Vl"
"Wagram-Grafenegg","Fs  H1"
"Waidhofen a.d.Ybbs","Wh"
"Wald am Schoberpaß","Was"
"Waldegg","Wag"
"Waldegg-Dürnbach","Wag H1"
"Walding","Ott H1"
"Wallersee","Nst H2"
"Wampersdorf","Wp"
"Wankham","Ak  H1"
"Wartberg a.d.Krems","Wak"
"Wartberg im Mürztal","War"
"Weikendorf-Dörfles","Gae H1"
"Weissenbach-Neuhaus","Web"
"Weißenbach-St.Gallen","Weg"
"Weissenstein-Kellerberg","Pf  H2"
"Weitersfeld a.d.Mur","Wem"
"Weitlanbrunn","Sc  H3"
"Weizelsdorf","Wef"
"Wels Hbf","We"
"Wels Lokalbahn","Wl"
"Wels Messe","Wl  H1"
"Wendling","Neu H1P"
"Werfen","Rf"
"Werndorf","Wr"
"Wernstein","Sch H1"
"Westendorf","Kit K1"
"Wettmannstätten","Wtt"
"Weyer","Wey"
"Wiederndorf-Aich","Wia"
"Wien Aspern Nord","Sty"
"Wien Atzgersdorf","Lga"
"Wien Blumental","Id"
"Wien Breitensee","Ok  H1"
"Wien Brünner Straße","Bse"
"Wien Erzherzog Karl-Straße","Stk"
"Wien Floridsdorf","F"
"Wien Franz-Josefs-Bf","Wf"
"Wien Grillgasse","Sg"
"Wien Hadersdorf","Hf  H2"
"Wien Haidestraße","Wbf H2"
"Wien Hauptbahnhof","Wbf"
"Wien Hauptbahnhof Südtiroler Platz","Wsp"
"Wien Heiligenstadt","Ht"
"Wien Hetzendorf","Het"
"Wien Hirschstetten","Stc"
"Wien Hütteldorf","Hf"
"Wien Matzleinsdorfer Platz","Wbf H1S"
"Wien Meidling","Mi"
"Wien Mitte","Hz"
"Wien Mitte - CAT","Cat"
"Wien Oberdöbling","Ht  H1"
"Wien Penzing","Pz"
"Wien Praterkai","El  H1"
"Wien Praterstern","Nw"
"Wien Quartier Belvedere","Wwb"
"Wien Simmering","Wbf H1"
"Wien Speising","Hf  H1A"
"Wien Spittelau","Wf  H1"
"Wien Stadlau","El  H3"
"Wien Strebersdorf","Sdf"
"Wien Süßenbrunn","Sue"
"Wien Traisengasse","Nw  H1"
"Wien Weidlingau","Hf  H3"
"Wien Westbf","Ws"
"Wien Wolf in der Au","Hf  H1"
"Wiener Neustadt Anemonensee","Nb  H1A"
"Wiener Neustadt Civitas Nova","Ed  H1"
"Wiener Neustadt Hbf","Nb"
"Wiener Neustadt Nord","Fld H2"
"Wieselburg a.d.Erlauf","Wie"
"Wiesenfeld-Schwarzenbach","Ror H3"
"Wiesen-Sigleß","Sau H1"
"Wiesmühle","Gdf H1"
"Wildon","Wi"
"Wildungsmauer","Reg H1"
"Wilfleinsdorf","Goe H2"
"Wilfling","Voi H2"
"Wilhelmsburg a.d.Traisen","Wm"
"Willendorf","Wil"
"Windau","Kit H2"
"Winden","Pur H2H"
"Windischgarsten","Win"
"Winzendorf","Wz"
"Wittmannsdorf","Wit"
"Wolfsberg","Wog"
"Wolfsberg Reding","Wog H1"
"Wolfsbergkogel","Bt  H1"
"Wolfshütte","At  H2"
"Wolfsthal","Wof"
"Wolfurt","Wo"
"Wolkersdorf","Wol"
"Wöllersdorf","Woe"
"Wöllersdorf Marchgraben","Woe H1A"
"Wopfing","Op  H1"
"Wörgl Hbf","W"
"Wörgl Kundl","Kn"
"Wörgl Süd - Bruckhäusl","Hp  H1"
"Wörschach Schwefelbad","Ln  H1"
"Wulkaprodersdorf Haltestelle","Wul H1H"
"Ybbs a.d.Donau","Y"
"Zeiselmauer-Königstetten","Aw  H1"
"Zell a.d.Pram","Ri  H1"
"Zell am See","Z"
"Zellerndorf","Zd"
"Zeltweg","Zg"
"Zentralfriedhof","Cf"
"Ziersdorf","Zf"
"Zirl","Zl"
"Zöbing","Sbk H1"
"Zurndorf","Zu"